mean_error,error_std,overshoot,Kp,Ki,Kd
0.5361387327553514,4.394671476611821,60.0,2.502468845463697,0.7460458427611584,0.4841110178540654
0.61924801100751,3.6794688212316844,60.0,4.062965359711417,0.6460267179087015,0.22312260399420047
2.669534180879293,5.976240650147517,60.0,1.2882537316285214,0.150104492055988,0.3737982720487012
4.981340306394004,5.473388871357512,60.0,1.351142959103801,0.0738015647759579,0.42498125335230474
0.5131606791309613,6.5853932909466195,60.0,0.7291392174286286,0.7823512339353422,0.4852113811715629
1.7743389550861688,3.3649840710696415,60.0,4.902357836852449,0.203905038932178,0.09467745550399412
10.001808727152657,5.472442227986932,60.0,0.7361722945414962,0.029055102059471746,0.4380833878597577
0.4810180867948993,5.1018617136971995,60.0,1.7428487679865734,0.8318925442522909,0.22950091635705033
1.7998899085696158,3.618237961129729,60.0,3.9189554320337283,0.21237980129551795,0.6701655346589369
0.8271416196497209,4.926149332621553,60.0,2.090010230940756,0.48363099353155076,0.0171472424841088
1.6883910435017044,5.779286599513892,60.0,1.4375145573617882,0.236720727245367,0.11011752715026027
0.5342425357761097,5.700325280566452,60.0,1.2137505426389554,0.7514423702003173,0.455676662552368
0.6744309941883987,4.547078344937813,60.0,2.463010040014687,0.5931010310961145,0.16404161251407834
0.4304077793273563,5.929117719482048,60.0,0.9755925007072614,0.9209588057668683,0.769107848861757
0.4630666491787168,5.580944386419735,60.0,1.1856665491197156,0.8644931739870181,0.8206955778779513
4.039934576455751,3.570291490929454,60.0,3.2608524907985803,0.05950137454699401,0.3872214834619163
0.5184495415930133,6.099999455045835,60.0,1.0567509074745707,0.7725828269408458,0.084856871860576
1.2538291558620172,4.740892521145305,60.0,2.149381712741334,0.31899611971242625,0.6741528762102302
0.6150653722419278,4.9927898086306675,60.0,1.83885040870481,0.6502130941802399,0.38169135848975455
0.5795454986797712,5.722321515645558,60.0,1.2373324804973798,0.6923839770139941,0.3493985287693395
0.632825999904476,3.6136120291754423,60.0,4.240157200273021,0.632227944539191,0.22646836964177078
0.5716579125499168,3.6408894754561554,60.0,3.769935295556416,0.6997193562236184,0.8696411948165409
0.9110460807031843,7.394019866305029,60.0,0.5498798104180639,0.4270600838555608,0.19954215349834303
0.4853745142184399,5.772595598849508,60.0,1.0554393212390494,0.8275157928882773,0.8806791280041177
0.4132913786635819,3.4081047458296267,60.0,4.8469039239891405,0.967849919703505,0.1279915514959452
3.4381830711246217,3.9594927428829583,60.0,2.764793911333314,0.0970874666895151,0.834294092106108
0.5304222902006597,3.4060726438445945,60.0,4.527577480759313,0.7541715976706409,0.6617882592289265
2.98775351610738,4.304484885082693,60.0,2.686434303967575,0.12136393889595258,0.17463342938035006
1.780354194493395,4.750740939334685,60.0,2.242671201180018,0.22470882570190823,0.43277057084139625
0.716162709939298,3.228925053395956,60.0,4.966941407527832,0.5588552579688199,0.9733733567732299
1.4046772772212288,5.593618186468615,60.0,1.5117797339065684,0.28468417828993625,0.22712958533421554
0.5410615823925048,6.068631698456555,60.0,1.0732981638661658,0.7416315981956373,0.10993582756988242
0.9168527929409664,3.5606462146479845,60.0,4.03769129943725,0.43651474058078077,0.909953220263762
0.47432843215851955,4.944157952907489,60.0,1.771864492123446,0.8438215971002513,0.6058173844376535
2.3862587149401655,6.65917258596355,60.0,1.007598845693781,0.16720905511943432,0.03387074416120366
1.374306832667451,4.607467082315328,60.0,2.3660285645209105,0.29124262428009984,0.5305569646708547
0.4236672512447032,4.313639060718342,60.0,2.3914875169566168,0.9442639676659179,0.9507916684383504
0.8737965631680431,6.952373573404234,60.0,0.6144481134401371,0.4436883639320498,0.7329422999654954
0.9160783803407605,4.228439862817127,60.0,3.0163790081191255,0.43674870352256867,0.14908539377528177
1.2382632010329908,6.19837189834641,60.0,1.0797059845456023,0.3241570783368731,0.31831256650092726
0.7536935849093995,3.6410577951230825,60.0,3.7683138439192345,0.5308603212151516,0.9842686378774826
2.1400637695843043,4.079120074048055,60.0,3.2091964414349485,0.17865582303780245,0.14651419427226656
0.4051361817498732,3.9893765963877783,60.0,3.3605385428379724,0.9873215204753797,0.06317843146812452
2.2534965539053426,3.5925237921781323,60.0,3.8073305659308816,0.15991869753002963,0.7160710532167212
0.5899437177968762,3.370881082828969,60.0,4.491250940203042,0.6781491224186625,0.9296534595861305
0.61889472631107,4.742760924913478,60.0,2.139590095182291,0.6462380786254112,0.30809239747162737
2.027711437449137,4.420057355775521,60.0,2.4697535150382945,0.19591071181558292,0.8990352452700919
1.11832622900422,4.191006565934666,60.0,2.921066909007942,0.35789796536906915,0.5712680529270471
4.834281888968624,3.773961138160251,60.0,2.7919420744622214,0.044839213362642016,0.10192057663799108
0.642696333704321,5.475378589608137,60.0,1.289487983374128,0.6221623155328014,0.900680282347117
0.5064040958405887,4.007445568612307,60.0,3.3634019701637405,0.7898839188751486,0.06449851240135637
0.9381533622212787,3.5212243385996205,60.0,4.496832056984644,0.4260788961321506,0.3064835601268162
0.6141954555292122,3.3269598825666407,60.0,4.986060318852603,0.6515625436185339,0.41236953344973915
2.3065971233497575,3.293985969507661,60.0,4.570067474922293,0.1414292195847593,0.5388616131306555
0.5047198714034183,3.6916376791142507,60.0,4.125472931513979,0.7925283344568783,0.016953777815320897
3.2844217787216947,5.423308633136459,60.0,1.6680725822701366,0.119068117814697,0.02022744501893014
0.46186443280255046,5.812389052561403,60.0,1.0693097048305862,0.8648821952043774,0.6866015531105498
0.6883705386963366,4.310665606303539,60.0,2.49656869011933,0.5811124959927843,0.9432527546759634
0.6006800243961637,5.284529694588652,60.0,1.44638785238826,0.6663530411660329,0.8074243957779615
0.6078560274268072,6.588198450068196,60.0,0.6623941108985203,0.681399057249698,0.9405515355616976
0.4448099895603495,4.169090413704873,60.0,2.868581676088295,0.8992593343651927,0.38754693104452004
0.7312119127001467,4.805215464356272,60.0,2.0760427646018735,0.5470195655182739,0.36906046666080605
0.4280712152686397,5.973929494874511,60.0,1.0160308628893793,0.9267659874458856,0.47137654233215115
0.6515313106988744,3.872523529926331,60.0,3.550203858797344,0.6139558473866339,0.33060904009142933
0.8199284201554774,4.382051942097968,60.0,2.7781483713200124,0.4878447153779598,0.08091032280283032
0.9429224541390823,6.281518709279812,60.0,0.8728570977017553,0.4200774350873193,0.9367194768034796
0.8178129152273663,4.0500854495923475,60.0,3.3523748815718117,0.4892298222538417,0.09239652044498305
0.7243943330302153,3.556002436859363,60.0,4.384977791568817,0.5524807474759322,0.28593961244310157
1.4738496716351202,3.6404010003680027,60.0,4.17802372043701,0.26525534636952436,0.23023006388287998
0.6011958932385131,6.211555471975118,60.0,0.9757701188843257,0.6703897610594417,0.24068758933722242
0.45065125986620685,4.7356087054771505,60.0,2.1818078414110627,0.8876704502582334,0.08435152730990361
0.5539394011951019,3.705625924930381,60.0,4.070296744540027,0.7221286482784699,0.07220381731415433
0.547345094871312,3.565430662745956,60.0,4.1146877521004495,0.7308185976155006,0.5908114480784041
1.0782932927609814,3.57610701004314,60.0,4.297526935206003,0.36993512351637453,0.3856647248683433
2.2095022854718565,4.258140980108226,60.0,2.801347913049573,0.17595104423265115,0.4656422437813264
1.5383307924440104,5.491440347820761,60.0,1.5950436865762727,0.2598722469468656,0.26111769665724904
3.330818072806609,2.9290552183794927,60.0,4.668863541745896,0.056400647112613986,0.9837459234296518
1.1433455490556146,3.598881139770797,60.0,4.253423643304443,0.3482838161477274,0.3546397341282667
0.9184126631450861,4.307759660770547,60.0,2.7498883584852907,0.43554599597563926,0.459691270281131
0.48304105730461067,3.238560356372479,60.0,4.977097199426222,0.8281538630018623,0.7947016892693248
0.7128532122122775,7.203935854106967,60.0,0.5088244722104068,0.5756295670301314,0.6166055198388414
0.4816013114973738,4.927466292241592,60.0,1.9870447329161456,0.8306886345076273,0.04315252381075565
0.4936657315262729,5.571103020278091,60.0,1.1697130282960213,0.8143492755295216,0.9515035027995857
0.6658773884854707,4.031651291794166,60.0,3.104760311220918,0.6007083625961456,0.5817660779409396
3.8701334045732128,5.04829773897057,60.0,1.7610387456141452,0.09665988606365611,0.4095091151623844
1.8700537206820405,4.06924226910008,60.0,3.1625536911403307,0.20952679920604556,0.40880867353850403
0.597748782741125,3.501042144502809,60.0,4.575776934597741,0.6693560072635157,0.19340017713760918
2.4472923400663174,5.997174850853093,60.0,1.2063542749559883,0.1634308876731882,0.7610104092722612
2.2687906617609532,5.421633273074924,60.0,1.5421710712387802,0.17655290024390666,0.8497921397217857
1.704588706921135,4.883246334322738,60.0,2.1144015324790995,0.23485835776920286,0.38924153630010944
0.5961471444339024,3.4377422789681433,60.0,4.3980427367775174,0.6710861567427377,0.7529813401786795
1.3302488783050286,4.912364196653069,60.0,2.0956477225709502,0.3007259003704095,0.2797159450723419
1.467355639344781,5.932198262121799,60.0,1.2936942590625256,0.2726668620027779,0.1997124447441693
2.3362122376164662,4.46179028675347,60.0,2.4145730661113323,0.16823524486117836,0.8051242065104188
0.42807907288160757,4.881809994106543,60.0,1.7624406701130506,0.9345796074103794,0.7842047445372134
1.533048940101525,3.8527523930961958,60.0,3.751442134156508,0.25667454535910217,0.12021968294565433
2.0024355373586893,7.578549941993705,60.0,0.5304016981002513,0.20119825911870803,0.768941238759375
3.7248714756795653,4.858952899252821,60.0,1.866754557589953,0.10026352315350037,0.6483325255452527
0.516295442214263,3.386616796712741,60.0,4.451479748734279,0.7747775797638297,0.867575040936655
1.2083473499145396,7.322180990533643,60.0,0.5499913167007577,0.3315941224266961,0.5937056629685503
2.9595019041871953,3.8393067841528725,60.0,3.06362928980502,0.11715148163076466,0.8843093840490232
0.5194554379973956,3.5130210693549246,60.0,4.626149982741061,0.7701135091087913,0.035719239623352494
0.40909683673575326,4.961760320198666,60.0,1.801594826163481,0.9775023726755027,0.39553319846340473
1.1167796972868267,4.160382267030272,60.0,2.908621205267253,0.3583862697769426,0.7248112690080575
2.350828974279099,7.416031446505237,60.0,0.6665645650105486,0.16850196937412337,0.3541170477853096
0.4201134144857078,6.385931453854175,60.0,0.883244583419559,0.9418312243300903,0.0950385153573419
0.4436318147033791,4.64085458990011,60.0,2.1258237286356794,0.9017997617037792,0.5207883957868946
0.5858473729454601,3.437560779701764,60.0,4.402644646305924,0.6828694949487656,0.7405423913020798
2.2545584141712216,7.326798905156994,60.0,0.6584242176058432,0.17570483871182063,0.5876931325877743
0.79559962697931,5.625795677880474,60.0,1.3126504297311627,0.5015186087371973,0.5171898280817493
0.6101297169968007,5.101133048983971,60.0,1.5690031214263203,0.6554106993963119,0.9391793018285526
0.8654108195820084,5.9459995918219555,60.0,1.0521489663690409,0.459023777945971,0.843801962847038
0.5078231695695926,3.5511076812377373,60.0,4.170778561960109,0.7876825472339687,0.537524882096573
1.4812756302595578,3.3803953376996128,60.0,4.540703628024823,0.26101562764243424,0.7778901626122232
0.6232035790145131,6.899889220017194,60.0,0.6108318243076786,0.663759256752005,0.5410327953753167
0.5848876526030304,6.487875813252715,60.0,0.8554644287752511,0.6905088397244001,0.14250430226466806
0.7958962121212001,3.9560730841336684,60.0,3.33928439486757,0.5026562574608205,0.4733319814115198
0.5902325168993566,4.246945057036026,60.0,2.8551726602719247,0.6777029022423633,0.24935245144115395
0.5286472631830472,4.203453308570348,60.0,2.681212525558085,0.7566202897462536,0.753738203873557
0.7119722698725343,3.3013794361807993,60.0,4.735227689586057,0.5621511147832882,0.9509509650948008
0.7906667891795267,4.579482803253867,60.0,2.338055946189265,0.5059368819660279,0.44747639901620384
0.40034505725353425,4.387668052762398,60.0,2.3362162803365423,0.9992184686105013,0.7941624577002399
0.7825032092278491,3.9456367471525087,60.0,3.5870773492634753,0.511336126212005,0.04089491037037405
0.9860896943319197,4.638935730879293,60.0,2.291633472496434,0.40561670521955223,0.48517544929722145
1.147646006521782,4.498535425251737,60.0,2.5962245348460584,0.34867866561995936,0.23483830275068251
0.4424113843043411,6.617985340509784,60.0,0.7914628234652845,0.8906191315454012,0.04459142280039152
3.112944457875163,3.3101974320060648,60.0,4.266190949770294,0.08151371520483378,0.2552713198664982
0.936100273589864,5.0591193075519385,60.0,1.8410341636955678,0.42744200624799733,0.4131709754502247
0.8269041213433848,6.675813826857753,60.0,0.7663312838651803,0.4775636018891015,0.41286708977547537
0.7866467208541468,3.9641683333246016,60.0,3.4751962449986893,0.5086089223951683,0.174300436096155
0.4038783316428002,4.383084617855592,60.0,2.3014921244657653,0.9905128313182887,0.9064505032117354
0.6147806263166915,4.289647648430196,60.0,2.8255537881761916,0.650643878945305,0.17887116758806085
5.412518161984197,3.681373825063563,60.0,2.423770157275614,0.039831421577976846,0.8586686726421529
0.5230791783096438,3.209256857474728,60.0,4.993325715518942,0.7648307345226414,0.9508874397275835
1.6749226148099672,6.243231539057486,60.0,1.0786178498736678,0.2387723832557981,0.4763869261802906
0.5075971335963056,4.941494685558391,60.0,1.7009290791431235,0.7888949606304411,0.8813900354227876
1.8185523978622948,4.234287855308589,60.0,2.9967339245039315,0.2171009259207301,0.19622709632618807
0.5693466088944638,4.841768961390011,60.0,1.7962918475942922,0.7025521340197186,0.9647285470324246
0.6276445211727406,4.358416123384001,60.0,2.4785034394156003,0.6372877465467844,0.7548515285427737
4.33647661972173,3.223356143449666,60.0,3.875633532768718,0.02960918176593417,0.125284662484546
0.7312401787547775,3.938013040666292,60.0,3.295652616965164,0.5470313684065505,0.603083764015439
1.2126270248673614,3.7474081403753283,60.0,3.723766441479865,0.32920837914873335,0.6738659220009153
0.458933189199511,7.038098313100028,60.0,0.6004624490967171,0.8469862581535136,0.18037996449560975
0.39191251426562906,7.05841929902141,60.0,0.566425103988208,0.9963782932023048,0.25392015933130563
0.8852378530473642,5.203295131899141,60.0,1.7063653079447791,0.4519331689517529,0.3756909936484369
3.4478766927438906,3.115628564913473,60.0,4.248593259089553,0.06127279685524782,0.7531976654353569
0.6866717640665367,4.057882643243249,60.0,3.1861476143035907,0.5825186147593419,0.3238734227383056
1.1278829523653202,3.5822636922683784,60.0,4.465989973517282,0.3524776969111971,0.08371218610326128
2.087682453747876,4.825367134974268,60.0,2.198238570803171,0.19090435952122045,0.2869689419820759
1.8523577802701436,3.8245187010603274,60.0,3.745214239289779,0.20668701768489559,0.12327327791282253
2.8314177653267896,3.3925710405388068,60.0,4.2018636899944966,0.10282807031881105,0.2952980738098907
1.2234407269622962,7.159760422138478,60.0,0.570307804499019,0.32972632217503456,0.8385464343014437
0.7449660435216671,6.006064352105889,60.0,1.0110460467584785,0.533729970453799,0.7526951649551878
1.0698735039460638,3.475670202190688,60.0,4.7826996546362475,0.3713559050173816,0.07275963776841372
0.7652930752952286,3.8394623384890503,60.0,3.439174260689795,0.5227405471815391,0.7453823143964657
4.020869972912383,2.7566354350133344,60.0,4.779810115618259,0.013811039741848758,0.839283442592246
0.7449411542810943,4.86168489654159,60.0,1.995349721212646,0.5369210466712996,0.43078017688552667
0.9461694110780194,5.233858587817969,60.0,1.5492262952789877,0.4230821443341522,0.8998667791344892
0.9373020827698386,6.736654240921491,60.0,0.7743280540724771,0.4211779149093751,0.3302467213129271
1.8423230063154876,4.707944824671307,60.0,2.152593042925904,0.21723255314366788,0.8917613591997491
0.5206556732932781,3.4953564271385327,60.0,4.347403735450514,0.7682886057374169,0.5178574216190044
0.9379490652608067,6.458167319492142,60.0,0.829886356157131,0.421409636637534,0.7046486335169946
5.724828720056015,4.008432210629601,60.0,2.216138445675475,0.038798758756421185,0.22410037550739367
0.5936649426886584,5.159631897611698,60.0,1.5178197200967432,0.6740306335565441,0.9220575257678786
0.4046673033634074,4.753414062081259,60.0,1.8454739142646455,0.9883757272212104,0.9184821269481487
4.1530003507924045,3.5528762240769676,60.0,3.322336009201392,0.0533298739051268,0.20771785697519213
1.5264111995106544,3.7635707324417673,60.0,3.902841618085876,0.2569477788240759,0.1960862889092433
0.5064743710931033,4.967748553368997,60.0,1.8014163157647074,0.7901811979569022,0.47325372750821065
4.31051870395415,3.9951776384492104,60.0,2.487575676182993,0.06888669377098984,0.7326996710139755
0.5585472974432264,4.572823403778028,60.0,2.0825219211260864,0.7160250009889982,0.9996745402586539
0.7170974549280591,5.041796965234635,60.0,1.6802438014384278,0.557250417289953,0.8405019045914418
0.45643095056511296,3.4613747571212135,60.0,4.749455599324292,0.8763929672370179,0.053736020609522664
2.2738938081690514,4.690746008885154,60.0,2.1230052626405236,0.17500252734936736,0.9925016372630349
0.4369066279646656,6.068367423044348,60.0,0.8754883392918549,0.905671593467327,0.899839829455357
0.4560548661888901,4.32572203499301,60.0,2.415192081134473,0.8771592191224675,0.8785497543650554
0.5335817088721151,5.173110668158565,60.0,1.5313900823939108,0.7509011981199267,0.7630067089735834
3.379448937892088,4.019060403171608,60.0,2.674280686058138,0.10156896308704905,0.9396822154628477
1.559416536599033,3.3786786241359437,60.0,4.808726517226407,0.2426572597642463,0.300385591237115
0.48129617834196586,3.77254961885,60.0,3.4495328325353776,0.8310902344539575,0.8187358932671722
1.3018430913076147,3.805177988990891,60.0,3.5305337190864017,0.30650959685624174,0.8173947781824121
0.4685248112190574,3.8445110793694592,60.0,3.3774697651748102,0.8537428023271113,0.6416682817651109
0.440749351201509,4.0412859084344355,60.0,3.0561121459142555,0.9075413693865529,0.47185473945493484
1.21083891950356,4.723313766854544,60.0,2.138690233753509,0.33029118272572616,0.7542050365496868
2.392993982863016,3.702343962970292,60.0,3.8254419641183985,0.1461767255496037,0.12400588356770534
0.8778091103124822,4.947245609765592,60.0,2.018019679485864,0.4557422924939762,0.18491926774841244
0.5828596159678499,3.581244068716551,60.0,4.054104288137295,0.6863044183613388,0.6432869840765107
0.614030295993562,4.535543468478285,60.0,2.1704551979240434,0.6512796389686377,0.9312813720565651
3.412152443755974,4.050038592542264,60.0,2.781990284801572,0.09789239466992654,0.47249480845976094
0.731192723986958,4.310140966500915,60.0,2.673779739832214,0.5470614291535302,0.5263470175568757
1.813524824602648,3.559999816264208,60.0,4.132669495985371,0.20805070830571085,0.5034949366133018
0.4034884739668694,3.662248468970703,60.0,3.910100684045618,0.9913543820051504,0.40206880937256756
0.4483849655240299,5.748679408913053,60.0,1.245412792854413,0.8902654169102207,0.13149925102695809
0.8275020160221878,3.46161566666419,60.0,4.611573510732452,0.48354122123894816,0.38619209864848125
7.433754577760622,4.65835711947183,60.0,1.366634973699842,0.03498373112921499,0.3837018843132948
1.2340980499547376,4.43439580366265,60.0,2.648854308331533,0.3243323432660523,0.352527313956348
0.7864657767640706,4.40728604149315,60.0,2.3832643281851342,0.5086634644577498,0.9554544876871746
0.9211657918475014,3.700706241019628,60.0,4.055913817151367,0.43442095269806663,0.24436203077526528
1.3498541871534044,5.592842153592994,60.0,1.5455295402673055,0.29629032487473506,0.07627287454622393
0.44355430538427243,3.663295497616974,60.0,4.1475732708038615,0.9018063674982867,0.05898976856197618
0.8801941214474649,4.480402223285561,60.0,2.567112040718616,0.4544321947930092,0.2610894927025533
1.1946118653722857,4.23858859389603,60.0,3.0934327635327055,0.33500567341854676,0.017232023766679542
6.070226512760059,4.88437154222025,60.0,1.4106581747283404,0.053006584404506674,0.8150951766494547
1.80497350636887,4.028605445463366,60.0,3.0595321752801317,0.2187227484989757,0.8578076003312218
1.5072716511998887,3.6834505166770755,60.0,3.946333326073476,0.26036523850050586,0.4574671630404601
0.7439329820298444,3.5357113935169124,60.0,4.200149098307536,0.5379499837276672,0.6849404529361662
1.1154854599561737,3.7275347249049786,60.0,3.9163805605286375,0.35811592053843805,0.39141406855334315
0.5580539892376406,4.072699920471525,60.0,3.1263570119064585,0.7167793899048481,0.3046415115609143
0.552443433860278,3.4986795519514913,60.0,4.358579775199365,0.7241118537960917,0.5046523285090126
0.7027722116752084,4.180921738045216,60.0,2.7615418263471923,0.5691887034136048,0.7925055914199408
0.42298139088891484,3.5280182422536295,60.0,4.233547170948031,0.9456679146045984,0.48001993002033455
0.40996311989133843,4.278864042190819,60.0,2.554504739218836,0.9757478958434512,0.6577664039071688
0.5896060082735681,3.603891616378042,60.0,4.344045653023658,0.6785307204845511,0.09109263184808315
6.246773154351757,4.343072599968448,60.0,1.6455938012463107,0.04446654488358952,0.9707242609536813
0.4564828026366768,6.6714581306614855,60.0,0.6152704133192151,0.8611250863746056,0.8728474434079603
1.110518413401475,4.231257116574447,60.0,2.790906411635801,0.3603593140157057,0.7325589987743895
1.0494676395680163,3.8234221802004,60.0,3.870765296353785,0.3810488102846271,0.07569388080348428
0.45918590504493456,3.446799280128554,60.0,4.3264615209024555,0.8711077885381764,0.7334857186655961
0.4165474374768412,3.4895999337149695,60.0,4.158310789479304,0.960275061396415,0.7695026479250882
0.5200144386721252,3.5317879873637077,60.0,4.0852372313345064,0.7692129912201994,0.7764432034220047
0.4395392472292135,4.639330539308276,60.0,2.255480096918395,0.9101042807820316,0.18896223860433925
1.9845884094842148,3.921297577681307,60.0,3.1703975971552576,0.19598075274265578,0.9551167785883113
0.6826345170258725,5.934047786877923,60.0,1.1226189587109672,0.586217544385772,0.3671258664650744
1.502449661290881,4.189343816396375,60.0,3.1157187413467113,0.2652426924814454,0.1481800723154331
0.7392260362489078,3.5874550312662135,60.0,3.9824626175229945,0.5413025059566112,0.824932073082374
0.6470431830910285,4.346120194753595,60.0,2.8179580641053326,0.6182007222686221,0.022248011003445527
0.6107417794057561,4.126050111374553,60.0,2.756351993085867,0.6549498984825413,0.9539261298839272
0.7284196107277511,3.628357882321862,60.0,4.364362618699719,0.5494313733494735,0.013503227630653713
0.4979740186662277,4.217330954628199,60.0,2.688715245228564,0.8032351631088699,0.6548793559342945
0.592250562053069,4.420166780865314,60.0,2.4362118621048587,0.6753496057968135,0.6056362466663288
0.6061634476257202,7.080274435645443,60.0,0.6332681252347567,0.671977621462104,0.03266272113252986
0.40087936953400877,4.288285794892378,60.0,2.5023424058774304,0.9978668309519678,0.7396415607964548
1.0070341801566653,4.84538631505213,60.0,1.96280575182084,0.3972942798173917,0.7757279590727315
0.9831046189558765,3.979762820142968,60.0,3.3071902214390763,0.40711553514569077,0.5133765767238915
0.8194332180300051,4.070367487816823,60.0,3.2877666915044927,0.48824247894354433,0.14142398162606332
2.1523671821578847,3.2547484074333335,60.0,4.933613099748851,0.15160911028944815,0.25601179366336185
3.041937502910173,4.267494392037426,60.0,2.557789499785167,0.12042531835574075,0.6480053667327798
2.8572330735413396,6.359261128028475,60.0,1.0595149199811145,0.14016589652436567,0.5826319247423543
1.6905095948442401,4.003404170948797,60.0,3.2582410920398543,0.23357135288871023,0.5062671334799556
0.41325689514245434,4.543324581896759,60.0,2.0736918976877874,0.9681239442969292,0.969910777783922
7.3397223396868885,6.44274201786528,60.0,0.7870819125963865,0.049478028606874676,0.15823539232266837
0.5299352871450849,5.071477422884578,60.0,1.8562800862835882,0.7549719005304893,0.028867439501218423
0.9519447504283609,4.08854629439031,60.0,3.1202145278514144,0.42035447532858206,0.46763584963387006
1.1884987910496663,4.547668229857136,60.0,2.328253478330823,0.33656624130529783,0.8098439022054894
0.6832041820538027,3.5802341552486743,60.0,4.4303981436471584,0.5857451181143899,0.10051372915230175
2.104557348439385,3.4514014358434757,60.0,4.137152350719372,0.17089283321422927,0.7898673714118961
0.6437720861961927,4.294443955781102,60.0,2.827674693500289,0.6213433099219456,0.17658437996818577
0.42044659732482126,5.375585912965421,60.0,1.5142332709577384,0.9504820812687833,0.13272534761631344
0.4390392282158765,3.6498213334205962,60.0,3.8262521979048456,0.9110809818549278,0.6246265092548096
0.41076471476176213,3.6699154359761312,60.0,3.7872126026494155,0.9737933662567518,0.5812891298929538
1.9600206358620211,3.577262435910245,60.0,4.162847249764634,0.18779029433956965,0.284853419020043
1.2328979957577,5.637208277618247,60.0,1.3619736818305015,0.3250029219683819,0.6130625339313505
0.5263519069185518,3.9722835357911195,60.0,3.40224006710552,0.7599484087524243,0.13740179984432294
0.413028094908115,4.313225245926445,60.0,2.7542309823856352,0.968466666821375,0.09879497663751509
0.45290825559402176,3.3554766806371137,60.0,4.608164709382022,0.8831888815153967,0.7308950233959337
0.4553207011455102,3.4416243331901333,60.0,4.8287967080089755,0.8785368048854402,0.03303633388953498
5.73282781378233,4.002876718277236,60.0,2.1981820930341196,0.03913086353071464,0.28843265686432484
2.7892040684107906,4.011377335385773,60.0,3.06784956269055,0.12770197165883812,0.34003658343327037
3.389905817434919,4.544351368408472,60.0,2.138868037954465,0.10966840545391605,0.8556679013194047
0.8401753432735919,4.007962686456628,60.0,3.1295564954008928,0.47613760114048465,0.7271829980616911
1.7943459254479666,4.2378185597475175,60.0,2.7119769431758254,0.22182695924429063,0.9497810426946667
0.7996257083441537,3.9493036116183076,60.0,3.327082536866425,0.5003099324594126,0.5275009907622209
0.42157046593227904,4.3246775523473415,60.0,2.5812084428159388,0.9488654811603003,0.44264814550178544
1.578763681306494,3.5363066595960664,60.0,4.0803938796176045,0.2462586616443459,0.8388921784022275
0.4481440479689259,6.440857971184312,60.0,0.877244308649574,0.8833359683656551,0.030438077801614755
0.5170251154267654,4.655706777007796,60.0,2.047631844393312,0.7737663308864806,0.7642459173554866
0.48463357055462397,3.7758220555600945,60.0,3.5662771064321155,0.8253672048499076,0.5857441838166915
1.1127828040297956,3.370534864373904,60.0,4.669909255783385,0.3568809035340613,0.7294726844563579
0.45338096539878664,6.918761272111346,60.0,0.5400271551824725,0.8577122805603998,0.7746199181378816
0.7561545174263195,3.8441620869624655,60.0,3.5213854513129434,0.5290787942742717,0.5561286043100221
2.9267935010080053,4.850679766342201,60.0,2.1239303267480487,0.13177137177442472,0.16229957332868156
0.9580433291523132,5.5824201963639615,60.0,1.4932599433898137,0.4176032571331873,0.07489856063806055
0.9766293979426114,4.3605790988243545,60.0,2.814989222737049,0.4096601087980063,0.14089820847843282
2.1424138534143005,4.247974064439135,60.0,2.6599349361384035,0.1835001970963544,0.9493729307905614
0.4042132830225748,3.743576634362967,60.0,3.8152616853111856,0.989576637910939,0.22612632034675897
1.1538265772270448,4.450081909975616,60.0,2.461194701851298,0.3467212323257132,0.779041435320697
0.7738184684056266,3.7102240287041526,60.0,3.9925283059008017,0.5171718323878628,0.2745496786028138
0.9485485973260553,4.374741630720494,60.0,2.6224872902538654,0.42169090996387565,0.5387119717609693
0.4330118076085058,3.641507546988988,60.0,4.1127735647986015,0.9237621929054288,0.19137344135970372
0.5551479302777691,5.528483644867634,60.0,1.3836643192755438,0.7218589264919475,0.29258256853105996
0.45942591894853857,4.010699002887145,60.0,3.0313251520285935,0.8706437714997115,0.6585504254607067
0.5810253863832482,6.31121841554872,60.0,0.8875759777783989,0.6962485405121316,0.3894008724964245
0.4408484861372775,4.256177257069699,60.0,2.5581295641935844,0.9073829670580201,0.7647872416661105
2.356245466275379,4.081762162469443,60.0,3.210130851845639,0.15835115836504118,0.023217029247591704
2.0525619484589295,4.166603031283501,60.0,2.8632327037531535,0.19092228324457944,0.7205741977105011
1.8109047978722987,3.7429169220602514,60.0,3.7981892850651104,0.21192660112212583,0.3676597148078821
0.42061936785043313,3.679261115058462,60.0,3.5611464055962636,0.9509757664078974,0.9610871611069386
0.5148526860546162,3.9713757334905524,60.0,3.0655539785187473,0.7769175353911159,0.7944417070920796
0.4866490580657386,4.235217838260067,60.0,2.7859432054789113,0.8219381936821508,0.3607698979669663
5.22811399536657,3.426963380049608,60.0,2.9569037508336002,0.028629218442354068,0.43150933533069374
0.7254945576397945,4.461466313418992,60.0,2.5155696993830094,0.5513668796902987,0.36128126210464834
0.5296220030042413,4.297713023858732,60.0,2.4779569874465617,0.75520136673608,0.8978692874429449
4.729067780484762,5.606381195395635,60.0,1.2688410194738802,0.08046973564636148,0.7060740429956293
1.6047747184174999,4.782193577206653,60.0,2.228767471489589,0.24945725868443788,0.3621051614832869
0.6393875776573646,3.4150484589338403,60.0,4.833197288297945,0.6259040453846536,0.22678656517322643
0.4468058671422022,5.184882519052306,60.0,1.486383247156878,0.8956213948062222,0.7925912904293224
0.5328788300636398,3.324406567323128,60.0,4.642991516615622,0.7507114204832174,0.8882975008259322
2.781302402824289,6.5952580569840835,60.0,1.0421785944845472,0.14390988213848638,0.04708640981523729
3.3454801155153775,3.3474531069494504,60.0,4.004429255510194,0.07377479124597722,0.35649933320217253
0.48114526510044664,5.857280429653965,60.0,1.08216747961775,0.8317617813500922,0.5344245993006002
1.0119000440496184,3.587679497454972,60.0,4.1524708051040164,0.3950811050309601,0.5834682484456027
1.2214804027238106,6.025298958376653,60.0,1.1633413243902857,0.328421878316903,0.3776258312266228
0.4314264344465921,3.5714812751277183,60.0,4.0222897133780995,0.9271572202747261,0.63217117558759
0.7916706044701889,3.5366365287493524,60.0,4.51339778423355,0.5055357419051365,0.19351498757150382
0.7612481015638645,6.812032851976624,60.0,0.71637073396418,0.5244630025286408,0.30217037782480843
0.5069247829651938,5.9628680478468405,60.0,1.0825241530396545,0.7904263956621589,0.29397614800327776
0.4313168453857392,3.351293374521036,60.0,4.853924156992588,0.9274077681794044,0.38347899973829874
0.5715944246326108,4.4028433672918075,60.0,2.692478195446485,0.6997934308667171,0.05026779005599221
0.5603210987053013,3.396524361218703,60.0,4.689487040722976,0.7140121387912526,0.48123236542591646
0.5520244994167833,5.022681607053374,60.0,1.718655352781492,0.7249521534297857,0.6089952386982643
0.6367717555582706,6.872818124371232,60.0,0.6541234554994366,0.6446833987513648,0.37045887868122646
0.3978438885493413,5.880684960622191,60.0,1.0831361042116705,0.9987216617922179,0.38506417791561204
0.9667663851494014,4.1125668990134825,60.0,3.176273408661943,0.41395168730556714,0.2595614488023401
1.381001643756771,5.716595374983333,60.0,1.2982258780311569,0.2900169390187946,0.7547749200435986
0.6489374499771154,4.011867042781299,60.0,3.3079728816804796,0.6163922684045883,0.2387748601156868
1.7210448544641215,6.234947244901535,60.0,1.128142949902551,0.23218584414015822,0.27095912181202425
0.5473851984994694,5.872880395680426,60.0,1.1766295565066618,0.7329731070267493,0.17448900402580442
2.5570810581011836,3.424135432329503,60.0,4.219500608660779,0.12450430042105481,0.37514109823260106
0.5194155794911365,3.538041143542817,60.0,4.566863253189577,0.7701632157727358,0.012935961123989509
0.98026825825275,4.846684247205759,60.0,1.968612484390877,0.4081557583334274,0.7340527936985202
5.891255598036305,4.101660053810451,60.0,2.0625020927594093,0.03970385429105611,0.3164760570419557
0.4892708357750829,3.843532503648869,60.0,3.6562844420977503,0.817543131286916,0.15875998295963628
0.5016793786851222,3.796200703212314,60.0,3.3771712153370843,0.7973242597086097,0.877219099507005
1.8079311439597379,3.5671183162706597,60.0,3.969568202391347,0.2107521355096267,0.796353111519431
0.4095414487068266,4.000557205955788,60.0,3.1288309889450714,0.9767022737291621,0.45437761773574364
0.8189930682176948,4.125614800960297,60.0,3.16655470340622,0.4884682180778134,0.1757120473976902
0.5632141998282689,4.412968439878286,60.0,2.3278839485258036,0.7101182220344733,0.8924892179467412
0.9998841350011122,3.7397724232767082,60.0,3.7457063164764435,0.40024659864777107,0.6516830714429106
0.38602772351290304,7.122631607730897,60.0,0.5075314853701163,0.9891698372272596,0.46934192478349024
0.6247203364744115,6.862865722074432,60.0,0.5943890023059919,0.6658046610365591,0.7205591892512193
0.5691028440795688,5.39334324573186,60.0,1.5155617268019719,0.7035023933832295,0.21375873229446596
0.5227171334611669,4.8576335550445915,60.0,1.9146273812928813,0.7654316766414957,0.49237792032582295
0.4057729416080141,4.560253724430276,60.0,2.1217458901620523,0.9858527478696171,0.7646576701115624
0.5116301443809673,5.603282923773143,60.0,1.203984954955316,0.7852407413071893,0.7354097192493373
1.248548840568089,3.617947357311487,60.0,4.1509583151382685,0.3179517039167088,0.4341637828241949
4.491097754368477,3.411913332246309,60.0,3.292980606346166,0.04148084139732406,0.43579758771833105
0.4318474855601736,3.690734799564027,60.0,3.7762146923654556,0.9262533877102035,0.5290827338108229
0.44562415652653264,6.301000694180858,60.0,0.8348760086597768,0.8860411454330851,0.5384850572007058
0.5906922430278648,3.3439514404633295,60.0,4.743074434685025,0.6773672453784461,0.6697006188880358
1.1785266000278543,4.9573272553620695,60.0,1.8187856199850598,0.33939511527325106,0.9938318627672202
0.6081704377079176,4.143015892420967,60.0,2.7163478410629356,0.6577145488332728,0.9809868164410259
0.6146719705992333,4.674366629884656,60.0,2.120024896951006,0.6506369012075335,0.5843731946248295
0.5566400065211033,4.261684296127887,60.0,2.6803586643181343,0.7185811513182867,0.5596895769335949
0.8516989248212319,3.916426459741284,60.0,3.55938277833183,0.46986492959299975,0.22788498732372625
0.5468336162235897,3.3462781689986736,60.0,4.938391005097961,0.7316620370199526,0.35773711824081206
4.361099508010215,5.379742850578611,60.0,1.5039435670690793,0.08583707208533806,0.3103272462543291
0.7549648326970311,3.3287535563699606,60.0,4.945795362871301,0.5300543956065039,0.5025437098616835
0.6848113914021747,3.382061255209677,60.0,4.702296817084078,0.5844201847238586,0.5855378419202203
0.5559997352940292,5.259505885504877,60.0,1.4870279768014716,0.7205571815390197,0.6839833897148356
1.2792405280173864,5.092644348482055,60.0,1.7591192701936544,0.31258547114841934,0.7980053460926321
0.44761920192072746,4.69275781190983,60.0,1.9915268781215083,0.8939149219901382,0.729128585055304
0.4049573953573796,4.2843368565062345,60.0,2.4538495184211797,0.9878471107026636,0.879711516213246
0.5637936577188374,5.929947145553007,60.0,1.0102932185261242,0.7166279008605595,0.7500779935305036
5.004270762953287,3.3114850138317125,60.0,3.244947451808332,0.02603661454855971,0.3917309200120403
0.4231575053805848,4.753268453333145,60.0,2.0004076585707398,0.9453519229000498,0.4806297990449422
0.7541497492551742,3.381810489229548,60.0,4.583857736362022,0.5307173118187523,0.7955975426620372
0.4284809678263673,3.577178088980261,60.0,4.169153536241042,0.9335302159656595,0.3701386817967984
0.4020969902630545,4.491377979895252,60.0,2.307118871735782,0.9948268663544902,0.5070802757887487
3.7893663559852917,3.133267583448254,60.0,4.404040241122451,0.03818586176024276,0.09295588497128005
1.335988010014607,3.6332712977044164,60.0,3.9955151976899246,0.2966118666173047,0.63547806904314
0.4294172973338217,3.830218530683455,60.0,3.5950399703528237,0.9314947431343211,0.2713949700818863
1.153188405031588,5.384415919613372,60.0,1.4533437391348212,0.34751760848958,0.9615076012739132
10.168098393403367,3.7865758360380593,60.0,1.1744471934910228,0.014139506205600354,0.8142879464084504
2.1805416808558893,3.195823517148595,60.0,4.814432025669577,0.1506564246208225,0.693865254901397
0.8036657651188299,5.582311456427521,60.0,1.2590950488603072,0.4957761620868586,0.8805271060179113
0.48878513089997544,4.9219821013838985,60.0,1.8603750509523946,0.8186844627638704,0.4196662212660364
0.5222332684303992,4.034001856323368,60.0,3.2578252515428616,0.7659427032887224,0.17036867556297736
0.41403768540822444,3.535904989572669,60.0,4.339828435477193,0.9660956088424274,0.279345683029292
0.5754267951530393,4.298625171555041,60.0,2.87611053160542,0.6951383785827524,0.017231820640228032
0.5768291712977991,3.63654626263073,60.0,3.966390429791788,0.6934667471041612,0.5417009531399484
0.6902093072623676,3.6923843445931626,60.0,3.728728564749269,0.5795972411966351,0.7873137849461382
0.5293468210329862,4.806488864158174,60.0,2.0722046897021302,0.7556938119685167,0.215857766279061
0.6920292920603183,3.835507789347982,60.0,3.762087810692156,0.5781080824072389,0.12442480387586921
4.467900925137842,3.4429115917128126,60.0,3.20332201133597,0.04489502204193125,0.549286068908622
1.2440900925651157,3.752059495217771,60.0,3.958082272904413,0.31983134712038286,0.2052661235048792
0.6737442446036807,4.67039076367515,60.0,2.0973981313850074,0.593592797326858,0.7152399339899052
1.2503326564983968,5.5066549293615,60.0,1.466217445753796,0.3201921872432396,0.5838725743937218
0.45295309692309665,6.31488601398169,60.0,0.8861469785899676,0.874402868060789,0.2708143940738852
0.9321510153899283,4.094589251070802,60.0,2.907218666753632,0.4291563811305517,0.9328968034977351
0.8943106289850998,6.4502165175499355,60.0,0.9495626593884805,0.4446152830468773,0.06596831677410223
1.3321889386383243,3.2967359156215417,60.0,4.823851763424939,0.29242177880974046,0.7800689446638719
0.40913936245293164,5.093667046030887,60.0,1.5474382709292314,0.9766334267489801,0.811686112247883
0.44165616336301844,4.864302558489341,60.0,1.9348029031538605,0.9058094698703619,0.3370800386373249
2.208057443859031,6.944730902710775,60.0,0.8216290532140551,0.18001244696028668,0.38084633714606386
0.5556012115481228,6.341600000030253,60.0,0.8157073479794947,0.7311964068954273,0.6433515416200141
1.3407083174610113,7.298232312610221,60.0,0.5218520065702137,0.3058047298318019,0.9425233661992474
0.3961788449158792,6.549230961223975,60.0,0.7327369867444399,0.9873478926006507,0.4305965295461952
0.880374900871245,3.801080754516567,60.0,3.432462887480702,0.45453087911303997,0.986742241170631
1.1470473087466277,5.562011243802193,60.0,1.5388488701955092,0.34892000492915687,0.08266897135291185
0.49874521270905214,6.834602518971459,60.0,0.6935193037237257,0.7949009482332821,0.12779054355072067
1.0469555214989703,4.207987034129267,60.0,3.084939676578263,0.3822902220539558,0.11879367817581522
0.644149336137833,3.402201157914489,60.0,4.438415351980963,0.6211659914815008,0.8879516250637953
5.816819564373798,3.277918691045049,60.0,3.018642817977977,0.011408165921879009,0.2432086383789841
0.7154295963070532,4.616745089495121,60.0,2.3706578634402193,0.5591210115440243,0.18795107649939882
0.45969635288616145,3.7386406970982615,60.0,3.9654755259416348,0.8701394626838245,0.0480124769883255
0.5302358289047924,4.012112436412225,60.0,3.168262503824626,0.7543834178158881,0.4310701589653424
1.32581742426225,4.945813091243319,60.0,2.1146035168791766,0.30175163201808586,0.11366243474072577
0.6038439991875553,3.426536190582913,60.0,4.917319639099142,0.6627040797361944,0.050482361595875415
0.5656234660586804,3.437030865737128,60.0,4.623132766631034,0.7073155439955349,0.39382683782544353
1.1541067569155516,7.165137746824776,60.0,0.5984178077885899,0.3453850088272714,0.5832276892856619
4.134102979781422,3.7766118774214816,60.0,2.8817071868793143,0.06557089596223503,0.5055040225543359
0.44506804473808925,3.9032286985301226,60.0,3.5614492654174086,0.8987392318583837,0.06265615805386412
0.8132538573436955,3.2325895967614087,60.0,4.955873288811198,0.49186396914074804,0.9926579840633756
3.8393900692462064,3.3672880313002955,60.0,3.6868184679345632,0.05665627786345133,0.413300110896357
0.6292579751993621,4.740240681176899,60.0,1.9837734434585026,0.635448657450725,0.774128148066292
1.2922565253051512,3.3581168483906576,60.0,4.708749562585594,0.30341111725818887,0.6787914507261179
0.45719477271723985,4.126967063633209,60.0,2.9150744309374628,0.874895124838065,0.4551408412758628
1.0699594285236476,3.885125833121212,60.0,3.742354210968827,0.3738099272275932,0.061117277923171745
0.4440338541720018,4.24583655357317,60.0,2.4840793521926496,0.900905320094705,0.9938678620026752
0.8104083750786585,3.8268550019935708,60.0,3.4423199494450714,0.49368820617601983,0.8170774964200918
1.5248615087337138,5.3638825949806055,60.0,1.6336813697603585,0.2621487421726622,0.49775652090990175
0.6560735528856946,5.828300630780848,60.0,1.2594567549926836,0.6102153335393536,0.06388135076001271
0.5208544119149979,3.3777985155049084,60.0,4.537502585844127,0.768013019017877,0.7776559881219406
0.4490855071205955,5.982382997610058,60.0,0.945623342368082,0.8855872040491602,0.7924885128502145
0.7297021307444674,4.385226369927438,60.0,2.6808967555447554,0.5481731344913974,0.23833993702024145
0.711097347361479,3.751406736681474,60.0,3.7347988552249944,0.5626079465292015,0.525952241472645
0.4016693342497364,6.83928968062032,60.0,0.5620201403339791,0.9433539287541228,0.7611698127893278
0.9846523512601051,6.574975503272962,60.0,0.8565508822108271,0.40318614092753335,0.30699418461267003
0.9597797545790329,4.422549401825145,60.0,2.6788808099621897,0.41678951609706816,0.2316449344006219
0.4364611698326219,4.882062612299271,60.0,1.7171196455669842,0.9169507277146055,0.9412391092915273
2.2412138776289896,3.55396061428846,60.0,3.9579666724252296,0.1588179210842622,0.5809976591341469
0.5825519925932361,4.754090026051721,60.0,2.104569217915553,0.6865710105920492,0.33709934448325785
0.7645831995407403,3.8041971527308216,60.0,3.862640372577103,0.5233758180363368,0.10710837030934499
2.430077859808941,4.778377828871113,60.0,2.070874678963712,0.16323942943476016,0.8123295920725545
4.110270027838316,5.102989941665522,60.0,1.5964524558255517,0.09167215820363828,0.847144644611004
0.4000451504159823,3.36082884045688,60.0,4.658448923758322,0.9998876601535824,0.5905508158158446
2.9007454947071962,4.745365030801258,60.0,2.0834433440497646,0.1337696153358198,0.6714883425851281
0.5412236735589764,5.292768907701918,60.0,1.4279498009627538,0.7408657653692651,0.7866146262361448
0.5058594106756477,5.5172364225747055,60.0,1.3902320664733132,0.7916947986422375,0.253694878952278
0.5078678706579579,4.2692234565527105,60.0,2.6047018685683923,0.7875815969103666,0.6681859543717148
0.6222397843098972,3.627824673931805,60.0,3.818551761102635,0.6428606229149335,0.8742256899492805
0.6432949973115476,4.0042133827113116,60.0,3.179658749735111,0.6217963632452738,0.5192740567238512
2.1355883103738122,3.3966169464229283,60.0,4.150710439457172,0.16724828260147384,0.9988612581981688
0.8833117518921324,4.170253735319988,60.0,3.174653231703045,0.4529737222621041,0.022596936351934972
3.358112001501631,2.9396372277050395,60.0,4.976616680105138,0.045643371814094134,0.4296916749033096
0.4399242096423595,3.3908617405481825,60.0,4.70035243768619,0.9092581079420623,0.419920589323035
0.8351949545782951,3.4369915951935304,60.0,4.849554283099355,0.4788393402973362,0.15038971060725195
0.5381966419500626,6.5178869148843255,60.0,0.8578654350123595,0.7451893148307984,0.028310921841082554
2.4388192116404075,7.946326730279193,60.0,0.5010577299684977,0.1614777911439206,0.47223116491160166
0.43607503436697687,5.091111065941192,60.0,1.6370389697418792,0.9172456243232412,0.547275503932617
0.5015977272755999,3.448803461462152,60.0,4.508980324614144,0.7974826525962534,0.4721255423509046
0.802379414643422,5.21462979781578,60.0,1.788860984114111,0.4984727566313448,0.021962963125399762
0.5562524837325807,4.030216187766596,60.0,2.9626381263612154,0.7190992799354082,0.8153346012922291
0.6749036833500388,6.888629327586831,60.0,0.6901771089331095,0.6033609541584887,0.18131215345630064
7.708219351683218,4.371015302885992,60.0,1.4279007147801503,0.02993759292268172,0.5175210662486347
0.4442088903168128,3.728623557138465,60.0,3.821469787386885,0.9004775840428277,0.30564867948028246
1.776009825233958,3.5433334072253078,60.0,3.9822243725804403,0.21526690226577072,0.9014760385482954
1.0172052228082626,6.383758505853108,60.0,0.971874726739673,0.3920864929372922,0.2121336239297789
0.559346895020498,3.5584129047247357,60.0,4.49957543779194,0.7152250448879249,0.04154361060455507
0.44731508938023595,4.073136636383579,60.0,3.0298046914604155,0.8942200126332079,0.41062614471010234
0.4221841525009373,5.844124816939154,60.0,1.1490706750864887,0.9430676797572377,0.23674308588600385
3.89380522275951,3.7041460756839695,60.0,3.0621960381241875,0.07053887041045667,0.5252629806005922
0.5166261463408065,3.7420534005294184,60.0,3.7706252189830125,0.7742536674820217,0.3874112844211776
0.7688738169040435,4.354821723806911,60.0,2.5440900040156307,0.5202630582319175,0.7080308389467564
1.7854989139578046,4.584524049764265,60.0,2.5675362288751575,0.2232567950269062,0.05760407221991907
0.40755800209824317,4.493236127395004,60.0,2.1567646162748506,0.9815942737980566,0.905441127323259
2.858096545135176,3.1217432029909733,60.0,4.908868854966269,0.08360754190604562,0.23975889836793193
0.9199821638233106,3.694730828568738,60.0,3.8805553784110867,0.43505379027026175,0.5798810397590334
0.5674972559251722,4.926554458369011,60.0,1.7271872730006352,0.7049874341584638,0.9081765822418607
0.5794784349580274,3.819992520067752,60.0,3.459143787022397,0.6902744572900671,0.6735789833912947
0.46252539470334986,4.74840920143196,60.0,1.9086022221095853,0.8652699401050234,0.8059037227458793
3.5316527414130614,3.012719258062297,60.0,4.684465558637229,0.04377001644519402,0.37997223356749776
0.5262853554134407,5.11069922953234,60.0,1.7881472643857965,0.7602977019722087,0.11004513565041596
0.4312885063072946,4.368662191740192,60.0,2.6506281277192456,0.9274666849757467,0.14755692257215197
1.1546774406831954,5.863853879921157,60.0,1.181878975753093,0.34754240932804986,0.696715788015216
0.43653338474909087,4.314207926301219,60.0,2.5503255264916143,0.9163475550115157,0.5658382261705165
2.3911858655749274,3.8450331418381176,60.0,3.36842748095431,0.1534050054178087,0.5341800658619902
1.3352582111338178,4.5659177665848105,60.0,2.377738428007957,0.29973130874384235,0.6399120286925893
0.5683475727597188,3.492450140198783,60.0,4.380231887825006,0.7038724507467041,0.5083993884106359
0.6438760655350015,5.590549633034913,60.0,1.3284653319517215,0.6214996623877503,0.41239490187180117
0.5157381112113888,4.3150259129587685,60.0,2.650659445230654,0.7755705645193735,0.40079898997026614
4.428199906621988,3.7489882671919803,60.0,2.77875570649628,0.05787318152476941,0.5931503834302061
0.577466507861009,5.371827117518952,60.0,1.3425143687970769,0.6944075888785585,0.9213711149919132
0.45017420348563025,4.0115768574910975,60.0,3.114151279797812,0.8885402283535176,0.476723849344499
1.2886024742173559,3.3904217792268723,60.0,4.839500737144744,0.30334451952059543,0.31790113299483197
3.043921012782553,3.5698689954466634,60.0,3.6696981498085544,0.09997410663610622,0.4287566163169492
0.7764436120982309,4.543597918859424,60.0,2.358155449900506,0.5152057290250353,0.5099063741123769
4.52191934132658,5.235916447740969,60.0,1.460146191727858,0.08263619346047757,0.8475231625979731
0.5359226213091197,3.6696364861425685,60.0,3.8973343135042073,0.7463788388323281,0.48915738593516134
1.6968608691044138,4.274868992326401,60.0,2.7782572341690783,0.23483638336250565,0.6285179061626578
0.48255906167376694,3.5480325643395974,60.0,4.228919408626598,0.8289179199221255,0.44196542749474615
2.249971849656827,3.079567871615708,60.0,4.939183729426071,0.14036923249610034,0.9946103551502549
2.3284498943703316,3.5888249716088354,60.0,3.948400479938801,0.15027610297175145,0.3855723238195158
0.4074022856835858,4.881115634924753,60.0,1.7888620977249046,0.981578460520009,0.6801137151797877
0.7234528189899915,4.219802395601068,60.0,2.6637910367794295,0.552927725608577,0.8959313250556726
3.9668796034163325,3.324552039853132,60.0,3.591833771388514,0.053532060874117084,0.6411587666754099
1.5134070954954841,6.233282880058143,60.0,1.102084719398559,0.2647784508450187,0.29234823023281137
0.42181123290123135,5.2248873369732936,60.0,1.3914074237629388,0.9471870287018556,0.9948886019417015
3.0041316119230004,2.9134174069200935,60.0,4.990958925268457,0.06998703938590924,0.9030362383297421
0.6717329098108256,3.497686749072815,60.0,4.433603623667667,0.5957208867571545,0.45125453352974343
0.6397010327923398,4.9700448903014784,60.0,1.8006767478832049,0.6250240010228213,0.5943152783038982
0.5371459196720589,3.68843064932662,60.0,3.8888505244774727,0.7446795283926289,0.4242419752947469
1.3545793523179437,3.6377560722896964,60.0,4.014465289735474,0.29214951343960094,0.5744708458823682
0.5239879689086626,6.004740391719081,60.0,1.074769008093549,0.7655488714963803,0.24019013232515607
3.3128375356441384,3.2198695404724083,60.0,3.969360638100934,0.07657276456706026,0.9914551384142279
0.9749568607346697,4.2387328139559095,60.0,2.988341688831893,0.410421916766203,0.19275730479533312
0.40079039640710235,3.494837729569771,60.0,4.283142043925292,0.9980279250942808,0.5337622714005809
0.5989305505899957,4.153249725581982,60.0,3.047155092713129,0.6678596430903899,0.19455541216669284
0.5111645883629423,3.437286898415163,60.0,4.499894085632141,0.7825627836362904,0.5447782093077128
1.069346268001461,6.269246531232295,60.0,1.0601909549526802,0.37400178052500516,0.11566339418918051
0.5893836819264986,3.7781334641786826,60.0,3.68555898151385,0.6786797665350495,0.4341441453879953
0.4691685276969216,3.5184134120399655,60.0,4.595887888960924,0.8525964422666691,0.02769589155216589
1.4372340976149538,3.9483116096242306,60.0,3.6011512027959367,0.2759998444410398,0.05807012981688237
1.3663760439598729,6.255706622573848,60.0,1.1010999784606408,0.293594103381179,0.15202497586382774
4.57443540526066,6.585366678727839,60.0,0.9786995585927702,0.08656836724148893,0.0629242400311544
0.44962268823902335,5.685470268217883,60.0,1.225840721341101,0.887885943100174,0.3644212220057982
0.7072531829287183,3.477726217037683,60.0,4.194350932002672,0.565780610010268,0.9607398394210308
0.47706988375840226,3.69404159809445,60.0,3.7816403638952343,0.838451858976872,0.5413673389303841
3.2208293041805254,3.183409900753265,60.0,4.231784306253422,0.0754210128817018,0.734935288202741
0.8700835561826642,4.792722489540057,60.0,2.122680997594647,0.4597827317149721,0.3727683955407345
0.7616295684642208,3.538617098805683,60.0,4.46727318842467,0.5255000961448699,0.2470804107383829
0.6137724273020922,6.800340373586487,60.0,0.6356769846071177,0.6729433902297135,0.6081564411435716
0.46391017289376507,5.220882934386009,60.0,1.5781320141772288,0.862559087108552,0.3894865863620272
0.413885635846078,4.665880573079433,60.0,2.038231301295774,0.9665279302672715,0.648908492944518
0.5058765047458623,3.2295098288725224,60.0,4.998525505214947,0.7908106930478336,0.8253449574828791
0.41592724559458827,3.749791171629681,60.0,3.5720453359551296,0.9617052357485009,0.6271171464668106
1.3160891079223556,6.116080210595635,60.0,1.1667304891550934,0.3046644893389805,0.18199989822436352
0.6183184007266949,7.182377449495941,60.0,0.536044838245542,0.6713996588284675,0.3811300796752252
13.75172202166908,4.5750022023835255,60.0,0.5594767088040866,0.014594060301789853,0.36353095995539775
0.5703389301647761,3.5774239846031386,60.0,4.054853941634741,0.7013614618066742,0.6515627983566901
0.8692924066018478,3.7165339866988285,60.0,4.134381777455982,0.4603907595941064,0.042120510106889844
0.6334325646929136,5.3067744602554745,60.0,1.475849077604192,0.6313221785556421,0.6630760755690845
0.9204463019423131,4.356868346687806,60.0,2.7332040457364646,0.4345871875774202,0.31974152090038244
4.936479393300229,3.0585587497931646,60.0,3.479883814504335,0.02034599004877586,0.8705942675848859
0.6511163723723562,3.372234602548559,60.0,4.82476283841147,0.6146422830834298,0.43947094168488193
4.382005815580229,4.723057733227492,60.0,1.8949952936682084,0.07898022351940066,0.4622445760832658
1.9324128290281177,3.4474667375500685,60.0,4.174182404169187,0.19140124637644768,0.8650250873899786
0.45489344887221533,3.2893151507174903,60.0,4.987983176609381,0.8793691846948926,0.5082629992963192
1.173031661406152,4.493967715115776,60.0,2.3672122703176037,0.3410049600208508,0.893470032125558
1.5620355589141404,4.546888986652841,60.0,2.4271143830646773,0.25623699760561247,0.5973819726769913
1.1537401614428786,3.4957679117245317,60.0,4.27561204864346,0.3450413355874177,0.7921971774277876
1.3016706829543454,3.2811217148658334,60.0,4.75129896620951,0.3007777150203572,0.9983963665105654
0.8697619059702226,3.8250140067632667,60.0,3.500314617586548,0.4600959272068472,0.730434686316477
0.4047444178243782,3.820014534519747,60.0,3.715553528851842,0.9882779084590786,0.09184436626734843
0.5754850771524282,6.135060082916125,60.0,1.0592647937524953,0.6981165622238511,0.04240705499899525
1.439916854395259,5.404070080204752,60.0,1.5238772984197775,0.2776172013080166,0.7796118691376679
0.8349309224463095,3.588759708273237,60.0,3.9854739801369803,0.4793685418766841,0.8503517899537404
0.8276073527306647,7.444101808433042,60.0,0.5428554826393599,0.47886341019862044,0.0484761952393934
0.39962455358409593,6.980025504995728,60.0,0.6072097558260549,0.9773586866128354,0.19417222808058973
0.753172135641754,5.691882385246358,60.0,1.2601742244851128,0.5296579393067066,0.507419110856064
0.5425572759248032,5.369269531015661,60.0,1.5020832222384637,0.7381498083757513,0.301242928785839
0.5764915152885088,6.942430351001049,60.0,0.5975763468914371,0.7122743318999427,0.4825876773190702
0.4672994357115098,6.500014925586072,60.0,0.7351714587716853,0.8469672912267859,0.605374496467248
0.5374912198311148,5.934455185574805,60.0,1.0710504596309205,0.7481569903706632,0.44130575716520165
0.5311958246230042,3.583224143881858,60.0,3.9355060428613022,0.7530183910080488,0.8054238944359567
1.671030628906774,3.5481892685180387,60.0,4.16557631930721,0.22959152477511957,0.5726468586441723
0.4172135963294614,3.5058266446421333,60.0,4.3199549258245025,0.9587413863400206,0.44149697217052736
0.9956995360928159,4.02736077520179,60.0,3.397282641105766,0.40198279520918834,0.14584864628682578
0.4693004672018869,3.2948706063121174,60.0,4.975771539814416,0.8523891584555754,0.5072591744514712
0.6268091168455894,4.809979350076793,60.0,2.0937053380789155,0.6380754582257582,0.22579380014296255
0.8364359618309567,4.035003824328933,60.0,3.0764334576018744,0.47824915640201593,0.7321750259323482
3.2148504708871677,4.598378942580088,60.0,2.161947692215122,0.11714294898990238,0.6996601760791394
0.44181657642404926,3.546833590700662,60.0,4.412143853786812,0.9053563736509002,0.1478709031706924
0.45064158164767126,5.2429047317092055,60.0,1.5999053894435444,0.8875964398482223,0.24513959940224478
2.2158076303911822,6.073525034422227,60.0,1.2525169847431252,0.18042096732445406,0.2564373837944725
0.9991707671752178,4.497992510600863,60.0,2.337334969299945,0.40029190979697926,0.8800790664639725
0.4119243964126475,4.22648990421603,60.0,2.7259003991645336,0.9710720145669953,0.4574937298675463
0.9380993399463923,5.888471178208916,60.0,1.1765018154405837,0.42559613092866294,0.4830574191337686
1.449519815256105,4.108382559249844,60.0,3.189904676855507,0.2750957792140449,0.29339787446950555
3.6086422241280793,2.900967493616869,60.0,4.653516062883577,0.04011880974063169,0.8255484353006758
0.5253639106740461,4.344300324327728,60.0,2.6267545418959304,0.7613593912836898,0.3600731469004307
0.979649850187603,3.651416687215008,60.0,3.8487133205644506,0.4085110767528338,0.8515823177302193
0.9545031843266493,3.3379317578017274,60.0,4.866234013641361,0.4179670909476016,0.5935935753401422
0.7335931256807876,4.785407572926874,60.0,1.9958287352412796,0.545199081000034,0.6741362410171495
1.0529601011215854,3.574814249025732,60.0,3.9831984895450745,0.3797329591769186,0.9642899597764113
5.764068058634407,7.190813060427262,60.0,0.6276016802015665,0.07004763974005464,0.9048723931811239
1.9197574581239971,4.904661861448687,60.0,1.9559710643006156,0.20856691499643953,0.8875324488239381
0.7028672847288855,4.1851347533195575,60.0,2.7573526952815812,0.5691119012983661,0.7859449541821243
0.738183984982639,4.076036672313817,60.0,2.963722684503211,0.5418624042946918,0.7626788697465438
0.41374673679773055,4.82389689290076,60.0,1.9250660646221094,0.9667338536725809,0.46160873186639645
0.9885438404865521,3.2522197781298807,60.0,4.989614892092183,0.4027988877750817,0.837182698863061
0.790634442780301,3.952568808875226,60.0,3.467200579415321,0.5060436979227104,0.23570643456958362
3.0555936861508863,3.3615011169067115,60.0,4.083790191376016,0.08979435221186399,0.42941886537615276
1.875645323696559,3.448117848108635,60.0,4.606566476851462,0.19294962299912138,0.12987870030890653
0.7939794229482617,3.3500655490767777,60.0,4.713525729885625,0.5040221753719943,0.7573875331740803
2.8745557363158696,3.044037805109737,60.0,4.953526546499895,0.08111213873663854,0.49308244544767504
0.5726372671368783,3.2427848839919324,60.0,4.955081101486704,0.698737011174925,0.8580558776383558
0.74207375885006,4.0272494065963444,60.0,3.248685963014944,0.53905154903946,0.34675306427326125
0.4792481279631674,3.4127308869083692,60.0,4.392816633493037,0.8346465256781023,0.8063941550996871
1.439064174757396,5.786036311715032,60.0,1.2395575798740976,0.2783218820409157,0.8590036884340572
0.4687507783292246,7.0793026773355585,60.0,0.5418002046642381,0.8307445145041007,0.4408768348427836
0.9311190530546292,3.944777314574368,60.0,3.372031300733554,0.42981423727332646,0.5060139993916327
0.9520193381879118,4.099864232530766,60.0,3.3055020313874417,0.4203901557083851,0.04272076367750109
0.6829281818260708,6.932006973445799,60.0,0.551790795268539,0.6019244871037175,0.9107211868812115
0.6982272424051463,4.322463192103448,60.0,2.5599322779280858,0.572906160459883,0.7387536607689785
0.46359335794949447,5.63832992513003,60.0,1.27330682753987,0.8622410323392062,0.3203388498605329
0.5739607249485287,3.815293873486538,60.0,3.4322542302123336,0.6969113655354027,0.7425505140942149
0.7073686399926663,3.9139758349456635,60.0,3.39213187866558,0.5654968371531656,0.4940413777499672
0.7154910196862296,6.867278094358017,60.0,0.6021658371831816,0.5620378964255908,0.7952162978775684
0.524605052926958,4.50101841149842,60.0,2.5041337057264856,0.7624648150900902,0.11152508064944248
0.4039262638662988,5.2397032889515955,60.0,1.59810104707225,0.9894466915877216,0.21572447901473743
0.8121330196215099,3.754073091868782,60.0,3.863926755186386,0.49278695478852985,0.32444427798444
1.135568646731822,5.856764048918582,60.0,1.169932730851971,0.35340364008986697,0.7594156096444187
7.978993595519998,3.8509228145904326,60.0,1.7187486095455387,0.017644281222887484,0.30758330934833367
0.4374936709249971,6.364494406529561,60.0,0.8058176608973795,0.8991974049642816,0.5257831300556769
1.7609779954647058,3.7938812306908893,60.0,3.880955567422024,0.21816807253185566,0.027933754371725204
1.1382277370993747,3.5128747562022795,60.0,4.459052112998868,0.3492164820761516,0.3962708173361366
0.42420505773913714,5.19284715132474,60.0,1.593743751445833,0.9424227673859973,0.37940511940314353
1.1989210727920303,6.453934066538064,60.0,0.821773330476236,0.3365837505136166,0.9857756576118173
1.0195864625180866,4.039020844267585,60.0,3.165636967984085,0.39254364222959787,0.5886465802463778
0.6360658811592182,5.327736089621523,60.0,1.425766488848872,0.6286191599621059,0.7923448186040819
1.0220726574760992,4.003234455847278,60.0,3.4975935041278325,0.3915892963139187,0.05089576939131719
3.6447932414424735,3.6660255329464446,60.0,3.3381346233196667,0.07479853747897183,0.2428330523259266
0.40893700508818354,5.730604205275917,60.0,1.2246496502107727,0.9746774784334034,0.2150731388053222
0.4390318299733168,3.3698343755410063,60.0,4.416017481314949,0.9110955441449368,0.9493630795812673
1.0579068016370283,4.058838264757556,60.0,3.163565741574872,0.3783493172798047,0.5228636421523881
2.2512508452302087,3.382216582089115,60.0,4.433127997635868,0.14976755138766717,0.43068090182020197
0.8279883600293695,3.4654773420610767,60.0,4.684998910761042,0.4831985719431725,0.2588794641430966
8.809065337105748,4.0996859611226135,60.0,1.421637437587482,0.018170764486959243,0.20269387603811106
0.4228848472678029,5.702329943647438,60.0,1.1101725152927977,0.9401813967154999,0.7605490545512423
0.5056470883499052,3.3593450513120273,60.0,4.729556198668533,0.7911275113582472,0.5677723196377963
1.169542648305432,4.494616240914734,60.0,2.434577375848943,0.3420689299700039,0.6905930187968435
0.9040356945338404,5.9514774500396355,60.0,1.1143862038177277,0.4407836788208183,0.5638319799421357
1.1818385440068564,3.8960864549487053,60.0,3.653916039512984,0.33804854423832487,0.18463947811994602
0.42385689602292,3.89618787605997,60.0,3.5170664511263547,0.9437142918784733,0.14866044607064988
0.5175255710214393,3.9022293577130696,60.0,3.399279739904344,0.7729102266795632,0.40512866510968537
0.49785834083360114,4.819514606488931,60.0,1.9573176250054538,0.8036699440687063,0.4652354462174721
2.1573583869430073,4.993453698295012,60.0,1.892403413808569,0.185454403579499,0.8019775206355443
0.480104478276002,3.84078393578145,60.0,3.453290307643206,0.8331530133346297,0.5224729889741694
0.7290538276605891,4.279741102471189,60.0,2.6560418297153934,0.548672667914312,0.6832635169324746
2.298346546678498,3.749560147152697,60.0,3.673433277828412,0.15739917385271857,0.3075432167582867
0.7253465999457639,4.271194451985565,60.0,2.594601168031014,0.551490692307837,0.8700949711723155
0.4277272464122715,7.001739334906122,60.0,0.6025756736236514,0.9032696775093152,0.21119273338270542
0.4547242670016768,6.450981191857719,60.0,0.8031032284822623,0.8680053697220411,0.35942318411797614
0.6483872730328752,4.725353830991652,60.0,2.2556059710493845,0.6168902729738442,0.08345986461640721
0.42288202178510953,3.3012510213976762,60.0,4.664803543205963,0.945891912854093,0.8918103046683261
1.0029993094221106,5.932971279684989,60.0,1.1040106244489263,0.39859917076730567,0.7492603823480823
0.7138849266996887,6.254818896340525,60.0,0.953475992144694,0.5604145668977176,0.35009394841840924
3.5638147492178764,3.4591671362157923,60.0,3.7678908050147335,0.06796107569420445,0.17712845332177493
1.4978373020447018,3.9294564924410915,60.0,3.2998747669281445,0.2656129780220159,0.7666777366878955
0.8743727802044172,3.596996317559541,60.0,4.1383108114915155,0.45772865417783365,0.5470811982174771
0.4465409577117364,4.453092227606692,60.0,2.263930520042494,0.8959227442307042,0.7987883581595653
2.6162002830317883,4.539038098793465,60.0,2.2663670184824793,0.1491392111145668,0.8933595887521824
0.48443911286800806,3.660194373903121,60.0,3.7567290821780057,0.8256978220750182,0.7390248809176457
0.4026167261362582,3.752493203015014,60.0,3.6595618902126765,0.9934999580898289,0.4490205101935791
0.4408663042271321,6.749765595145657,60.0,0.7181054393635595,0.8884935278005405,0.12706839450293517
0.7092059175312316,4.7801472023383305,60.0,1.998822073176341,0.5639047100902825,0.662459976847336
0.45758087540400505,5.081516648296346,60.0,1.6558576644466136,0.8745576277079279,0.5371652550613143
5.810537695790026,4.542751553551268,60.0,1.7499722038785654,0.049455529798530386,0.3629392285648309
0.5123904769391843,3.823139812231317,60.0,3.4971155199947956,0.7806560084609019,0.5382384382139626
2.4175265716247933,6.038796434593507,60.0,1.1829871343480063,0.16534468897817325,0.7646172997201587
0.42200138537469684,3.300526781870179,60.0,4.6172835783077595,0.9478647741923267,0.9681095524336264
1.169950991463306,3.682588687758361,60.0,4.064273762854462,0.3406254549534975,0.3161796008560975
7.935116447725777,4.2312527519876095,60.0,1.4987584692383864,0.02516884811015873,0.32338977203462915
1.7259698676315796,7.150254094860688,60.0,0.6486669322581672,0.2352946884735993,0.7094473938201492
0.7520756517473313,5.069372729503516,60.0,1.7537972539060422,0.5316267140781086,0.5295002392022105
0.6098406162746994,5.753822496636604,60.0,1.1512017188507733,0.6585157918052771,0.648541778401439
0.5319294230835853,3.829678516054138,60.0,3.7338747441822013,0.7519799992433736,0.10999944666975904
1.1065379303583274,5.322471031199264,60.0,1.4989152604387035,0.3620885951441585,0.9382410033468969
1.9687015493835718,3.399637167148681,60.0,4.377994693921073,0.18381319749850353,0.6729824114875359
1.127820114821425,6.07724219047594,60.0,1.1187477875825735,0.3553926939002991,0.37829643170302807
3.455806849809186,3.7622242416534073,60.0,3.210711206711692,0.0869088069749417,0.35918448816721826
0.4778267392033692,5.599245660634031,60.0,1.2104989235503685,0.8384603946081283,0.683430138038937
2.794734348949404,4.660430539235514,60.0,2.2008547433279655,0.13857829517373857,0.5917153977055439
0.416200473142705,4.178349232273505,60.0,2.845391806637281,0.9610839617037548,0.37784517798765654
1.4632992043058244,4.894913791702821,60.0,2.2069226048172896,0.2735399730498982,0.03733542261265704
1.2446467137324368,3.7953979388464143,60.0,3.775793812831525,0.3202926126925923,0.36119857239079933
2.879407199828978,3.5651861215401515,60.0,3.8842528295254426,0.10629218678124935,0.16156161241665276
1.0585573005556521,3.52602627332551,60.0,4.349887212978723,0.3769329483968523,0.5252813961814449
0.39656847871894274,6.686253827680819,60.0,0.7415784080242072,0.9985794496862149,0.0935380157889484
0.4408926381989168,4.037956715375889,60.0,2.91244844907638,0.9072472854043747,0.7892871752285883
0.5590003128383156,5.614058721618762,60.0,1.316084225505044,0.717287246030414,0.3149501635509123
0.8490482151671825,3.3075442585737123,60.0,4.796848467771911,0.47106996723692246,0.8518448898758293
0.6379167433627103,3.9019046610919284,60.0,3.655631798969096,0.6270722647683628,0.024423421945908984
0.7910621196951796,5.4915977795473125,60.0,1.445328841885815,0.504977133099768,0.3791233876592699
4.6105083264637665,3.354215143153647,60.0,3.352807153084327,0.03550662462309683,0.3943028516955421
0.761860355822749,4.382478953741076,60.0,2.618039700344502,0.5250367115866569,0.41576977986942026
1.629151428118464,3.9858950411003597,60.0,3.1666925721449055,0.24360593978448167,0.8181803455724893
2.310194635140469,3.4320427474291875,60.0,4.3547779084455,0.1450256335968386,0.30572875215365114
0.7160461467616811,3.3772949039773765,60.0,4.859483497733866,0.5589448494163957,0.3863185050259226
0.5135261392139627,5.430501473429366,60.0,1.393047042802968,0.780467466242983,0.4865089843904078
0.4532567064449116,3.283852858699366,60.0,4.69152426488292,0.882511457055144,0.9648450072641879
0.582948033195564,3.313634673451567,60.0,4.9613167838556915,0.6864138912290343,0.497486136384348
0.9315937580109962,5.868311555672446,60.0,1.1417820905386724,0.4282732813071218,0.6923645610609159
0.5845324452097379,7.159010680305555,60.0,0.5953373522151707,0.6951271935775167,0.06659536874869791
0.6916410511361327,3.7106103487253774,60.0,3.9126144997994206,0.5784629530687418,0.3757337037014413
0.5064572480078516,4.214025763114459,60.0,2.6805006908452276,0.7897765510935719,0.6944923672411878
0.42256168376462017,4.546519487549216,60.0,2.3939714711751012,0.9466404616642982,0.1367320045211533
0.41042543098703205,3.4225557846688863,60.0,4.270900970719172,0.974598671183721,0.8996721418742633
2.4961350714721826,7.797489307650622,60.0,0.5867422881465605,0.1584097844864935,0.13428039561753594
2.8484727388956728,3.1299591978084855,60.0,4.527687056828648,0.09394511099358985,0.8334003641758816
0.404755974005218,3.399506454474267,60.0,4.666490235362492,0.9882512938232713,0.4035776148735214
0.4056562232759479,3.856776661760107,60.0,3.3677780912340176,0.9860546912419977,0.5548955009374168
1.245672903407993,3.930084684866889,60.0,3.4256231889921303,0.3208389954339551,0.5042487082518885
0.6187444607796373,4.1843015059284365,60.0,2.7480130880106453,0.646479945999176,0.74646004849148
0.4747959786491832,6.582327250984759,60.0,0.6441466597000005,0.8394522547536637,0.9261945398686714
1.6012584642635765,3.2400393245541204,60.0,4.7905351632531366,0.2352161410605867,0.9841621717322164
0.7242290988100903,3.387218915458966,60.0,4.700367523161047,0.5526377619584185,0.5765214540452628
0.8686421069248833,4.359683937224558,60.0,2.8479017263547,0.46051488666227736,0.028184765416368537
0.8539956902769607,3.4000595967192924,60.0,4.615364873182681,0.4684636786161787,0.6763355843131741
0.5700004412514111,5.085267788220237,60.0,1.7447089881961952,0.7019163485031756,0.3522377406603794
3.0623903146474487,3.800018581582148,60.0,3.4066844930665803,0.10427388070370033,0.1121091138552909
0.6175108954408726,4.534476506840959,60.0,2.2852679354894394,0.6476962256614658,0.6148406805207742
0.5305209180392046,4.659658892773163,60.0,2.17107683063512,0.7539813902379883,0.41893043298346727
8.122133756496565,3.380781594254066,60.0,1.8338305984036813,0.011682781287196157,0.9364487792920989
0.6597906931990496,4.005223325446593,60.0,3.012982009846702,0.6062579542863994,0.8891616939835397
0.8507750249880844,5.363206181666868,60.0,1.5707281818208378,0.47000419869104654,0.34179036000694063
11.924698259059662,4.290294598735316,60.0,0.7537001098370208,0.01677781897250911,0.8234234185560535
0.42115574077646484,4.826128289651503,60.0,1.9227521602204152,0.9497933377332315,0.46871422324858875
0.6808808061965278,3.756660238618014,60.0,3.5749663290160028,0.58749915743694,0.7903062272264
3.0615364650082832,3.5872793463898955,60.0,3.393529836950921,0.10477038991050835,0.976232489322446
0.6103649385769959,4.631130255238722,60.0,2.2714416253046363,0.6552969887309519,0.3162082478942981
0.6160484214264879,4.898228350728692,60.0,1.9782526340983684,0.649200941274871,0.26373407440243374
0.7249456080350547,3.7228243506920635,60.0,3.694315645579086,0.5518588975291585,0.7342920665298894
0.41486170102452913,5.067110609177231,60.0,1.722877949917479,0.9638317361255756,0.3274068560822002
0.40560714393337977,4.595554898723518,60.0,2.1670989054042593,0.9862121450098924,0.5222743794065405
0.46750077363864523,3.9690588178181962,60.0,3.433855107208824,0.8556139663225156,0.054053528842062395
0.7599580407145753,4.0398240088384005,60.0,3.3666116800808368,0.5264131389054113,0.07981500283918377
0.8261574435021511,4.671488616821665,60.0,2.1256954320310797,0.48425885517344425,0.7504486828675675
0.5689366363126532,3.892166808947691,60.0,3.5948368048039625,0.7030668685402937,0.1273749685048976
0.46635268589567486,5.718527632934698,60.0,1.083348928111705,0.8586812867974786,0.8827623672489965
1.5201756262085184,4.220319727863681,60.0,3.010748494276962,0.2623725482465016,0.27156011765165594
0.5020407504039133,4.125191703406226,60.0,2.9865411658529517,0.7967435860669548,0.35020014705276664
0.713717218367294,5.837652158943624,60.0,1.107343323334402,0.5586484312608968,0.7265639201291768
0.6147526724682918,4.1291183164226695,60.0,3.1238185901773954,0.6506680009234969,0.1400530671521346
0.760330148901549,3.528240533623773,60.0,4.234165551312202,0.5263762608893567,0.667925506380372
1.2311349116572763,4.2615758966846915,60.0,3.0438671803877027,0.3250487705117618,0.045238590765222346
1.2603746397045372,4.942700676563145,60.0,1.9712654844802742,0.31728549409367246,0.5499042004424877
0.47807573557612204,4.446354520457282,60.0,2.2920245835518296,0.8367634089675186,0.7807619918576312
0.5605399422290467,4.661863258153614,60.0,2.0353455962131473,0.7135198560967122,0.8235354080401378
1.951862493262688,3.5797512363942023,60.0,4.304126434101847,0.1868321232811443,0.034108408418024004
0.796292968642015,4.66623069501964,60.0,2.248872654328557,0.5023697209058977,0.39420659144276154
1.3638634166072863,3.3393011124409124,60.0,4.952014314175017,0.2834424921378923,0.35550747320117165
2.077134138073757,4.073313350199588,60.0,3.280158316183407,0.18442988799533014,0.03932338412213254
0.521635346855242,3.7225265948008937,60.0,4.008115116265883,0.766827141387198,0.08307100819927232
0.5258239743540837,3.3275633169553487,60.0,4.684571072341478,0.7607836344994197,0.803318298432513
4.968250566170391,3.3106576816929865,60.0,3.337045501879562,0.024248829716033087,0.24422463773270456
0.8593424971773498,4.407168503271229,60.0,2.4767747586291957,0.46547141041352075,0.7478652415374687
3.156106165469142,5.711444998223687,60.0,1.3531910986715971,0.12662518513986257,0.7294125827193809
0.4949869017264684,4.673309474663378,60.0,2.214522722902882,0.8081511736054783,0.23156271584135546
1.0013301473829153,7.100519537778776,60.0,0.6610217540321497,0.39291652114801734,0.21470985320443747
0.47367140367295973,4.777139934335598,60.0,1.9502278123356163,0.8447779105309643,0.598010713739537
3.123467886414542,6.2557921558764376,60.0,1.0689157695067415,0.12847022417618145,0.8069402568468071
0.3975887592055935,6.670905539078062,60.0,0.6005848388831256,0.9566576249394327,0.9011488992227873
2.5288614518311823,3.1178402990204415,60.0,4.993021658859572,0.11028805772786278,0.44239625132906035
0.40288849619956,3.524531708525786,60.0,4.371116717320939,0.9928304606227377,0.27421049489619775
0.5470220234287205,4.619922505660706,60.0,2.3662439710129752,0.731212370707144,0.06970565137594838
0.41453529187629884,4.882261672503522,60.0,1.9918757922521773,0.9648927123650454,0.10438907960835223
0.7115019698144995,3.6779781086100547,60.0,3.7918496516402875,0.5622955857366753,0.7448734332536527
4.208137629759401,3.1581621507619166,60.0,4.15630535317034,0.02608259761124751,0.016180180687734885
0.4719927390007037,6.678660185932404,60.0,0.6543555998862611,0.8373418872145559,0.6456235465297916
0.9073448223349022,3.9526023737068714,60.0,3.2042397141763734,0.4409785863711525,0.826519837229889
1.5005579658540362,6.773711311573503,60.0,0.8621853369944286,0.2683799959572002,0.15851624589895308
0.6931407956418348,4.973068569117311,60.0,1.973648211311216,0.5770016071215217,0.10920750544795602
0.8448811809445549,5.3362625331115865,60.0,1.4313287487931206,0.47283517238588596,0.9533976966506629
1.4035207313485014,3.521692348168901,60.0,4.47864170571553,0.2780154473278223,0.25810998203759006
1.8769857254432099,3.307693682162992,60.0,4.860502769789553,0.18904702808952045,0.343008587630243
0.46652356895206,5.3251105447874965,60.0,1.3337938415116026,0.8592422573910552,0.9678201994375079
0.6611187387389829,5.923657840920992,60.0,1.0526497614179182,0.6061287892015615,0.6827169437165237
1.9871887691307668,3.9131322477497545,60.0,3.175576545965394,0.19564902376641563,0.9762889448009859
0.5800430964597303,3.3393579927312746,60.0,4.8092936613033075,0.6898013410893277,0.5888805089431967
1.5133438754172408,4.175934411759849,60.0,2.973963941983429,0.2637455560071276,0.53239440640934
1.0182475168208565,3.8790553823366407,60.0,3.5571843546693125,0.3930629046225918,0.4261690393178173
0.4196053440086494,3.958887725682675,60.0,3.168424714334253,0.953274497406702,0.5464128672047841
1.1918878889515567,3.6914727284366795,60.0,3.869993530722409,0.3347382103502143,0.6354136493765781
0.9592684583935418,5.359855297447443,60.0,1.6415456125311993,0.41713423933721644,0.18226147966481
0.5774810801680017,3.9788932910865706,60.0,3.220833782800846,0.6926656924804665,0.4906721946824992
0.6096221897852583,3.75101614296135,60.0,3.6325699752535905,0.6561475624020169,0.6592954611022142
0.5213968097788394,3.603857882018212,60.0,3.8193386156203397,0.767168835738057,0.9120177475469989
1.2304390711814375,3.7662096482214245,60.0,3.8953693031411074,0.32374979463669834,0.26119186718906096
0.45151908350196557,5.993926556541354,60.0,0.9654393525929007,0.8809858042963238,0.6727745393953536
1.6070532012059455,3.6825762221096636,60.0,4.089648259973912,0.24095331406392462,0.1603638828230203
0.42615746731171206,4.5188051570096155,60.0,2.4100061672165625,0.9386570195518983,0.19083600210786292
0.7198262756637799,4.00099967635889,60.0,3.4436827400367482,0.555742130910715,0.06407637396848839
0.8127122964559627,4.131366128791022,60.0,3.088722438817844,0.4922133493265238,0.3113533392119963
1.8332763264849146,4.157543958008513,60.0,2.8768127705018087,0.21605556201637696,0.7998304163865391
1.1008074922632272,3.5868319951245167,60.0,4.036639229589971,0.3628276776474252,0.8030277748282028
1.5002058709604529,7.155761669023333,60.0,0.6856189610461496,0.27041587701964603,0.2878160910181485
1.040902952570937,5.37755840171895,60.0,1.6477522613031075,0.38446179830501437,0.16108099063756112
0.6422082738501236,4.396598494854776,60.0,2.6168964530227883,0.622858244352918,0.28870785309121444
0.7265874995330204,3.307813661678479,60.0,4.777678799111998,0.5508463109071209,0.8543842656167996
0.6777877526865735,3.993589017227668,60.0,3.0811913966196047,0.5901523506795752,0.7972077147251767
3.112111313116291,3.8520777012075076,60.0,2.9587761765092644,0.11016561746538427,0.9899049398783945
4.940742844815218,3.0898482113190235,60.0,3.509208858003398,0.019307919643056688,0.6938559750083527
4.172799584666629,4.450504687502051,60.0,2.279354764184102,0.0777827756187368,0.0643760327872705
0.5875464812473482,6.683075747966517,60.0,0.6136006215037473,0.7098443858971086,0.9778077358799621
2.6039472619729174,5.6129495964857234,60.0,1.5353111453559805,0.15363294231360852,0.24616853126335692
0.5557594152190605,4.355327590023914,60.0,2.5444423270034315,0.7197059102822716,0.539643859384522
0.44714776211777024,3.8335679313949806,60.0,3.2344184701517715,0.8945510615874114,0.9565506629836062
0.6264469872198702,4.0289193825164595,60.0,3.0407249125993383,0.6385274870509071,0.7034684049735525
1.5925783918391638,3.5954256177929023,60.0,4.074211616916887,0.24376196567636763,0.5695392847333767
0.4256010178033232,4.4046212058025755,60.0,2.6305606997585946,0.9398612623153664,0.06823833074924919
2.8551323669175113,3.227121416996558,60.0,4.446767863425316,0.09537195703018525,0.5330976276279057
0.4303405060650524,4.87603496956249,60.0,1.9590117541200052,0.9295367289101181,0.22454688788294275
0.5158994936616047,3.502515949740837,60.0,4.122911171078211,0.7753482913446974,0.8476041556374918
0.46841919883508615,5.091001204996257,60.0,1.7149924786009834,0.8542634398020669,0.33354015657687164
2.707395741029181,3.9938354282450197,60.0,3.1907471938981558,0.13127786364899294,0.16469069026067215
0.5725130310564499,4.6950231035698105,60.0,1.9920987064490414,0.6985549811562903,0.850446490923429
1.1435972498589164,3.36730624112882,60.0,4.794462662985072,0.34607606658123435,0.5375957645373203
0.6952478556018359,3.6684090138070253,60.0,4.164730417359099,0.5755478407733264,0.14122397430325645
1.3155691039393858,7.301674775572391,60.0,0.6402774500384308,0.30609682991783976,0.12445300182949488
0.7707443508421916,3.817543440998085,60.0,3.636379782846598,0.5191204286338833,0.45522261986196283
1.1658584437738742,4.291358311805389,60.0,2.848731972814501,0.34332080149278715,0.37006811377605475
1.8086847676058961,4.9019818192909055,60.0,2.005544526161548,0.22136777376304131,0.7071294363238793
1.5875456033246862,4.128934156654771,60.0,2.87461404296306,0.2513946009577752,0.9814724524968546
0.5048071567912628,3.7419580063554623,60.0,3.8282146883584214,0.7923814788672208,0.28289419432346763
0.4635916571328366,7.124802236526628,60.0,0.5266778068625853,0.836103432332727,0.4351839102897741
0.5472786743399801,4.456526704995288,60.0,2.5305190027921687,0.7308700302632514,0.2145389264535159
0.6062416851426377,5.041753352261481,60.0,1.622241126579737,0.6596026152792123,0.9355095545179047
1.1056043442076404,5.318494434468889,60.0,1.6749577059646203,0.36193776974086594,0.27884126342029447
0.7516990892503296,4.016652848663199,60.0,3.0228577676048376,0.5321179669415821,0.8827900927943079
0.6720800277558794,5.015779351557069,60.0,1.774087069852311,0.5948450655858492,0.5637601616367675
0.6498688415626936,4.058280181597196,60.0,3.0794378039049084,0.6155083610803872,0.5192807007014715
3.207499530010895,5.088810653705669,60.0,1.8604748183879785,0.12070367432515759,0.2557864376346327
1.1352967405564098,6.027503472810383,60.0,1.1497958912028794,0.35308528916920917,0.37413730615161167
0.7726039717541701,3.864497597369387,60.0,3.4748085721199313,0.517819423965982,0.5697637353030159
0.5593941663467231,5.831376618183153,60.0,1.019809756807737,0.7231797405381615,0.9687651944587637
3.8973652530277594,2.769000119751892,60.0,4.8462549479433354,0.01797893536647776,0.8148969904011278
0.5956088330988909,3.8402678492728404,60.0,3.473656051762248,0.6715797496916549,0.5712710881213922
0.5230640652323978,5.134218918008059,60.0,1.5772526795050936,0.7658104212400236,0.7093911951876745
1.259269078355469,4.394785251519354,60.0,2.5411394186339638,0.3178204093142431,0.8010018274516943
2.2196722095832473,3.832608496097984,60.0,3.4902584679960493,0.1675607044067844,0.4190566790905596
0.4757931327676256,4.330832217194293,60.0,2.3704091419127247,0.8407538543762276,0.9991586534456341
0.7795498220513537,5.956954298402601,60.0,1.0355441094946893,0.5092300867917751,0.8067389266780413
3.566228451223696,4.017751907265497,60.0,2.8936364679341184,0.08845943242626114,0.15775705152328287
0.9002735764411846,4.883466964869197,60.0,1.966989436369892,0.44442453398452175,0.5586195340300452
1.3876389678959464,5.525416288782869,60.0,1.6038592448264946,0.28816766078467765,0.06996720648344763
0.5812756907013017,4.360146088097251,60.0,2.518305351244588,0.688111483150447,0.6078845885249828
0.9641687805435193,4.2560542214096415,60.0,2.9259186708230454,0.4149766180614584,0.26293091072892044
0.4000329122401561,3.4729325262932105,60.0,4.529359892451231,0.9999180662400112,0.2677398302429291
0.8465209387241526,6.149574512287583,60.0,0.9360042122655805,0.4671904979697983,0.8543153452327934
0.9238541061133901,6.576708240874935,60.0,0.8320674200072982,0.4281896470298532,0.38250011585075616
0.9964537209977812,3.4682086807657844,60.0,4.687164388833095,0.4002297165283838,0.2521332504375202
2.107331073575667,3.267265749578284,60.0,4.811142720119409,0.15933791134506614,0.4279835981984955
0.5662713934400628,3.555699894332291,60.0,4.088262639294356,0.7063995532856693,0.6917270240890585
3.4339082876991234,6.07526527205146,60.0,1.2498111421216365,0.11613789217027422,0.15691646938567547
0.7128075752707994,3.6928000653866557,60.0,3.8469141799109168,0.5612900579118107,0.5778726912422734
0.5871103136949074,3.6431789585577814,60.0,4.175755763424121,0.681373022109845,0.1804104941203117
0.47821107125979884,4.845427374630822,60.0,1.9846699942725627,0.8366340499103819,0.2896243658025771
1.8306013051021965,3.406146799012261,60.0,4.455247374890233,0.2016554277929291,0.600228640860817
0.4504362162595307,3.411879816322538,60.0,4.468676892662275,0.8880310021625887,0.6699274715642849
0.6184787624392193,5.944549719159655,60.0,1.1165866916317617,0.6493359495074134,0.3032911561881587
1.349554400384944,5.478898931202623,60.0,1.501766624588722,0.296401526577768,0.5829792577214576
0.5104217342225287,4.396029364866154,60.0,2.617721950024211,0.783654108779445,0.19132372593598596
4.531440804324857,3.1019828301701313,60.0,3.6454278349333715,0.029111193995411455,0.7969563149360509
3.181676196037104,5.913590236887103,60.0,1.3169572549283488,0.12556765626965136,0.31561191047714915
0.42045344355171893,3.301287265955057,60.0,4.600747829385815,0.9513541127766229,0.9887163616281271
0.46214572212213056,4.382260576271709,60.0,2.676795504519297,0.8655293066377004,0.07160384473233981
0.8008100593727536,3.468132836409657,60.0,4.367980846368931,0.49979629121640384,0.7407683024340266
0.49870020140941185,4.1131690083910515,60.0,2.7195232924184984,0.8020528428668252,0.9913627603463451
0.597274207171069,3.5624363498068283,60.0,4.022302935912163,0.6697444010855524,0.7943510437180763
0.4127490021619574,4.308484113581327,60.0,2.7683989708524743,0.9691207153904952,0.08524698571767717
1.8619305773166759,4.374866859419304,60.0,2.8372818605397554,0.21246440772199937,0.07011610545000631
1.1501035739665133,3.889224728291813,60.0,3.420177506168831,0.34788244974038274,0.6851977579098621
4.586301739644868,4.532950772930813,60.0,1.9477065709931458,0.07239872845200032,0.6636435049120752
0.46043342791006214,4.8113558859234455,60.0,2.0236787845196704,0.868894501779408,0.27128931854080757
0.6953732462920862,3.944032669831514,60.0,3.531834365124354,0.5752799539002224,0.10799833077222973
0.713133642770507,5.608469120137042,60.0,1.3753656149691704,0.5603190145517691,0.24961107510441535
1.5255547312658615,4.170673945960361,60.0,3.0915727891830236,0.2611718856924711,0.2699131590615354
3.5535781722849187,4.17091348612335,60.0,2.6629183735588864,0.09367172673923493,0.2771104891094077
0.4095917586576817,7.182429854716678,60.0,0.5665445917972443,0.9520792013311016,0.03618571658383259
1.9722571554089374,6.055477133182196,60.0,1.1844783872000098,0.20225865951790675,0.5966526406689725
0.4886465819123789,3.443417453531796,60.0,4.289873798653966,0.8185914414935657,0.8314801874197132
0.41503687952545276,4.6029174406251405,60.0,2.2407191160002258,0.963814994198108,0.3186615661624053
0.4612606945235365,3.5789855832207382,60.0,4.103441399253592,0.8671883160842461,0.48966288227540483
1.8197758273801148,3.728712975973556,60.0,3.986600227913488,0.2086297982307537,0.0641554331686895
0.5297949644859671,4.890701746974151,60.0,1.9963534527097813,0.7550896826958367,0.16562144888301536
0.4885276699963036,4.606585570345414,60.0,2.221048203084355,0.8188533493760681,0.42430748175558364
0.6230066258715082,4.940900326990054,60.0,1.8764635073282054,0.6418896173562617,0.435289152895968
0.9648381109931972,5.0287453719918425,60.0,1.787994036317987,0.41480135278594615,0.7103452797781161
1.962243603809552,3.3348221102978672,60.0,4.658587216696761,0.18037528376822348,0.4840479685015545
1.445059401627744,3.439264110449896,60.0,4.558003890668485,0.2683632922637902,0.4820831841659733
0.8490116568712596,4.1695797415564035,60.0,2.773503563335238,0.4711176410393495,0.908234640333446
0.5301551235253161,3.3775282194379206,60.0,4.948863473955006,0.7546515341246255,0.19335920542683174
0.5932417854376167,4.096463415919523,60.0,2.960595567746515,0.6742681434316514,0.5846921147395394
0.46714096189514387,4.428798092744574,60.0,2.2330740908971523,0.8564340964628954,0.9956729917357571
0.45855342752254763,3.4230789798312946,60.0,4.519051042494928,0.8723159938093883,0.5470116298684164
0.5050276504561612,4.184503035845029,60.0,2.71716090328032,0.7920130392498642,0.7199390514510695
0.6727756225897573,4.124765462015608,60.0,2.9865275874852726,0.5945515076486589,0.47515140819774193
2.5530679870006403,3.9136861515331947,60.0,3.2642496299774777,0.14160499208866983,0.39683560890357755
2.8510770175175093,4.976489739454444,60.0,1.9703924706158344,0.1373328729610816,0.34869662723955874
0.5144957165998683,3.4376031554108195,60.0,4.245147972484209,0.777468045145435,0.954382493705986
0.7588745368191775,3.3872018246298166,60.0,4.680466597857458,0.5273984706202826,0.6169017817739804
0.4677558568588678,3.399041716546849,60.0,4.930423478480463,0.8552055144231375,0.09105025202463354
0.41913142174307255,3.9190956016377685,60.0,3.5112774387745613,0.9543541520423282,0.07010952687001731
0.804145383256616,6.865393519192011,60.0,0.7079758142820578,0.4928627973352837,0.27712916158061235
0.6061256384281916,3.408188124149765,60.0,4.854114270410814,0.6601943912416773,0.2163940964989079
0.8910297184775848,3.4130718705995626,60.0,4.914720067559261,0.44831029451716875,0.16935995349068778
0.42694778877177253,5.2415683327981135,60.0,1.4211882841716084,0.9360424968452055,0.8372640223723484
5.922259472419148,3.7796721905755413,60.0,2.1799209683423957,0.035678843044589306,0.8179605230695615
0.7884924023598865,6.495133190485722,60.0,0.7957095619249106,0.5010762305699059,0.6485486269246779
3.797701893006101,3.783965716553606,60.0,3.112903570347281,0.07334489064156534,0.21158524205071585
0.5191764300274699,3.3900808260854687,60.0,4.90093511162912,0.7705761343214212,0.19550016113087418
0.6686293251035874,5.7621390450454575,60.0,1.092726849421405,0.5975539829452038,0.9584911212387008
1.7418057042755908,3.7437416256618388,60.0,3.8845343886789676,0.2210557155464202,0.22874685804097195
4.666609544497849,4.330272167729516,60.0,2.036409231143598,0.06844892742092819,0.8829590890523084
1.1802076365300582,4.767110290809201,60.0,2.104814485338677,0.33885532467709745,0.6900511924790852
0.44633835069848815,3.429212844559077,60.0,4.2703714266963075,0.8961806830134077,0.8991502927036769
0.42578578716218374,4.3201604152065745,60.0,2.3792452114584837,0.9395725964712679,0.960663187691274
2.001276875819508,4.524992522050126,60.0,2.4549437892157955,0.19861911929710355,0.549723570824383
0.9662191354143106,5.086712108288449,60.0,1.772232419472625,0.41418631511229526,0.5747972808719992
0.4999880871990932,5.899333461077032,60.0,1.092913818370811,0.8014447547002073,0.4012397938772567
1.50448097714954,3.9016328446560284,60.0,3.3293387229702116,0.2642813470189548,0.8175188350801493
0.4205760907006572,3.4649594502090793,60.0,4.586881226538764,0.9510794652045558,0.23599539063345737
0.4159199258399488,5.316905296135433,60.0,1.3249754799779474,0.9593724426693272,0.9667640047355754
0.7813955239234406,4.0164657072059855,60.0,3.069367517146152,0.5119038292330251,0.7950968236546869
8.322106390351536,3.8330892282478324,60.0,1.589005231436301,0.017774655890323225,0.5319217061143529
0.48787929735498464,5.0016331429509915,60.0,1.8136112305014014,0.8202054587435532,0.31685110701309954
0.5409407084088272,4.538697290720185,60.0,2.451270788765803,0.7394340387547734,0.1237438804013825
1.02450615827453,3.619691966458972,60.0,3.8859049663317675,0.390501775751914,0.9361036109270106
0.5181369798749921,3.6396287087961543,60.0,3.7107498847145584,0.7719967058007285,0.945655001843275
0.41457144857445144,4.4677346672372655,60.0,2.3780494219746413,0.9649040795132878,0.42396013451340714
3.92469271024009,2.7850094272784243,60.0,4.994169730169251,0.011637244886711253,0.5185085398516909
1.3634638036073732,3.4703223458354975,60.0,4.547504237065318,0.28676335570451794,0.38852646212459385
5.992255966079049,3.3325954345566764,60.0,2.6781000320007657,0.018659598279350244,0.6693076562910394
0.4212015629917652,4.544551094635945,60.0,2.194320957036767,0.9497810545826701,0.637561752631235
0.669975710977097,3.4004922978246017,60.0,4.699709632168083,0.5973425670867927,0.49608279269862177
1.1760636856996618,4.255147998736562,60.0,2.996639894848058,0.3403413846740258,0.16458326463710443
6.360174939828799,4.05771226327281,60.0,1.8324426567538705,0.03751014291712935,0.8492136077526595
0.4009509525040328,3.9047541392152434,60.0,3.077463151063041,0.9976345311558968,0.9364012426268402
0.4264991140023083,5.36697917770117,60.0,1.494343148788118,0.936992096557563,0.22552260158591164
0.4142051286813469,3.5926615034669367,60.0,4.164635463925236,0.9657050413156016,0.3010593243794945
2.4876740767486627,3.1380997291969503,60.0,4.731146273801293,0.1201593912066811,0.8160122729131313
0.5612973500444822,5.066901332379829,60.0,1.7408517756861062,0.7128585056046168,0.4112653021856101
0.42749611521805847,3.2525018151172373,60.0,4.886416706803794,0.9356912868754601,0.8144697395677586
1.35897986165846,3.5814025780109096,60.0,3.977097246055603,0.29141594759110406,0.9107251779833683
1.449938921323444,5.154340059481324,60.0,1.6776596381186955,0.27563914635119113,0.9924659098152175
1.7432276109093228,3.8615873578021778,60.0,3.571583160075785,0.22359826611991584,0.37238486911987506
0.6781190551010521,6.377560711589427,60.0,0.9395751225112787,0.5926799361175993,0.08943996541811128
4.24258406981229,3.9418741033991664,60.0,2.8041187179030875,0.06355764291108795,0.06673865699152609
1.3080777169780762,4.297486950360427,60.0,2.9452803858834598,0.305884413759885,0.1422767506254585
0.888752953115492,6.105481052357001,60.0,1.0679735540237623,0.4479977124591479,0.35553487405334705
0.5303147554484409,3.240361350065736,60.0,4.987781549001636,0.7544140692430055,0.7992374006111026
0.8824795800053916,5.804581798769788,60.0,1.1759267628002084,0.45173670827584295,0.673213272965406
1.4367772554970093,6.595184952407696,60.0,0.81800236781247,0.2819996906103263,0.8172496038519323
0.767087457014501,6.2925231626028015,60.0,0.9548194177932012,0.5193997689028401,0.30488264803253745
1.0788341296033406,6.181445560350834,60.0,1.0429861427168328,0.3710121868817489,0.42536340819236684
2.8635030154070513,3.037095061212972,60.0,4.861153488503205,0.08439579669400236,0.6805475449849774
0.44348288391306495,4.816380326334948,60.0,1.9925180271098029,0.9020811614249319,0.3251029670770454
5.361253328887903,4.268551438676123,60.0,2.1024366943346076,0.049788339156257265,0.188447024321603
0.8771244267204817,5.63808616220051,60.0,1.28732591722129,0.4551476378384485,0.6590370658274192
1.4383847985357738,3.7425948614628903,60.0,3.8234615704131962,0.2747948722280337,0.46022302787692876
0.558083990277744,3.4977416612451693,60.0,4.222178673603835,0.7167724377577868,0.7318972078433856
1.327890133534859,3.882467113748714,60.0,3.5377826721658217,0.3002108007678016,0.4630915797693197
0.5634574579925392,5.967169126706103,60.0,1.0579467868060768,0.7145757337684738,0.440628519947541
2.13703366256835,3.1871856525525475,60.0,4.896279847701299,0.15423566630395397,0.6387358895264357
0.39652027378864385,6.39825911557222,60.0,0.8352373698350897,0.9968061137912169,0.2611097965963086
1.3570522845942967,4.044776573835539,60.0,3.1754967624214117,0.29445731022122573,0.5856069218679673
0.6407300791471565,3.856641946608837,60.0,3.6839233645894534,0.6243216384135515,0.15069838032095093
3.097267223846251,4.629541739774098,60.0,2.229948752179711,0.12186541813329933,0.42298342173163034
4.780745980842659,3.85430976848315,60.0,2.5644765720772136,0.05256402945781523,0.5077827075519941
0.4974958282095945,5.5681975119222,60.0,1.2903231404718627,0.8055131066633249,0.4746828721096599
0.785070469860269,3.626573043810742,60.0,4.094340558992469,0.5097906371917995,0.46583970449396495
3.5274603962954116,4.450544470083347,60.0,2.3614490009018083,0.10020952048882613,0.28633506720139634
2.611443127545914,3.437737159986049,60.0,4.359156746528935,0.11689904734340051,0.03367088136152107
0.5587581232808481,4.097612356341491,60.0,2.961036813895484,0.7158754260813163,0.5525128810215539
1.8991829149304094,5.110177087915461,60.0,1.817938347587527,0.21082730921183332,0.6964378915387678
1.0380153739778413,4.945767712021873,60.0,1.929753891637294,0.38540815182546784,0.5590124589582346
3.4774233437314694,3.0339933707564666,60.0,4.663522134974026,0.04762489359656412,0.3769492374413446
0.9463333298902812,4.049170625496648,60.0,3.10044943212867,0.42282454868126834,0.6689632739108717
0.5610778761020149,3.7725524558406156,60.0,3.559439950517267,0.7129121436890602,0.6706210561767174
0.74528505938177,7.219391560118094,60.0,0.5484481579166158,0.5422671491809782,0.3761820209401057
0.7566584836744912,7.2003142630772095,60.0,0.5863672454578264,0.532598823778375,0.1990947844591656
1.14521171650128,4.552543240767205,60.0,2.464718579688088,0.3493509105934304,0.3853756931378542
1.2879945450552925,3.5458289820961544,60.0,4.2609831361326975,0.3071180226685527,0.5558995737739167
0.9893305049615311,4.221239278018516,60.0,2.8453321211471048,0.40440080038101384,0.5923176724283951
0.5395197415829683,4.452691885210968,60.0,2.233789121865704,0.7413223417353957,0.9823604597779421
1.190303443721131,4.0759237597934055,60.0,3.1726176795277645,0.3362112550890495,0.45805792686337427
0.6120848348331446,3.7295438629415654,60.0,4.043074170413556,0.6535796462641992,0.04880117396711173
0.42958307743344437,3.273010021417507,60.0,4.909206068137099,0.9311493212734762,0.680009132319206
1.6829749374985552,5.183997567893325,60.0,1.8951315530144326,0.23783456291370564,0.14607160889993376
0.6991047417687652,3.4541883170259045,60.0,4.750722187856253,0.5724893659364523,0.1867885554202587
0.6644845069144621,3.6451668733997673,60.0,4.302927894961487,0.6021835712001498,0.014635017018906014
0.6522863787317124,3.847122046334909,60.0,3.780571430665269,0.613291460346292,0.03057732937154875
0.9671929782960262,4.302455418887392,60.0,2.661161857835387,0.41356915624143736,0.7259248867749403
0.8312188516410502,3.595001704027017,60.0,4.25436352565886,0.48150084442213315,0.35156972334363507
2.39548429496454,5.998523382164691,60.0,1.299842252449476,0.16712273588247264,0.25174095116736794
0.7481245140348171,4.139304946024776,60.0,3.151544464833724,0.5346868689288402,0.12265936553875542
1.597867876834974,4.2145164397583565,60.0,3.030114071642397,0.24904758613015132,0.23795929146929573
0.42271227388200316,4.692470736302623,60.0,2.208036137450277,0.946307418569322,0.12679791086129705
0.7403855441379079,3.851603653983986,60.0,3.5927910096959756,0.5403556400244718,0.38200267459992143
0.7485490762399992,3.9738312523176855,60.0,3.2443188371314475,0.5343842730418237,0.5718664101185924
0.778984999459245,4.507410723074714,60.0,2.3165933668845957,0.5135442168902795,0.7565525438663269
0.43691895401871617,5.922184972343068,60.0,1.0581108671315786,0.9099646452386718,0.4282672038907839
0.4231975097661041,6.310101654592396,60.0,0.8342015822823978,0.928951922428013,0.4969744464428275
0.5526138925591643,3.5909334735228318,60.0,3.8776347636269994,0.7238335503093113,0.8895426312880433
1.0323232648529659,3.9381429595780952,60.0,3.4245175947936586,0.38772301934614045,0.4517868667808089
2.1211695745400743,6.660919336489302,60.0,0.8941318069706802,0.18744050449504585,0.6267084092512039
4.821365350508867,3.270057854588041,60.0,3.170740057286313,0.03393868145031631,0.8803104679754827
0.48164708580923454,3.261591999796145,60.0,4.830807216906442,0.8305255578244073,0.8895531340643654
2.4055777428049323,3.191470018573469,60.0,4.91654850989586,0.12413501476551152,0.34482451475162096
0.5334496636817337,4.87509423797409,60.0,1.782701160456395,0.7502328094754297,0.8573562100135224
3.5409552736425356,4.766457440851898,60.0,2.0123246850137013,0.10506494336040562,0.4828621807534701
2.21372811528268,3.3950096415621105,60.0,4.441194683200707,0.15365502369040362,0.39093584801413717
1.558295294134281,4.915517107443956,60.0,2.048733507231023,0.2568458459555043,0.47804866668326434
1.1499041093488314,5.14760954683964,60.0,1.7997014654516659,0.3478703209895831,0.40014163336846154
0.5809589684376086,3.5013317813146316,60.0,4.138710400970413,0.6885542787039987,0.8714575466296745
1.8169218304480936,3.23752126303522,60.0,4.973700287687738,0.19634735993111255,0.535968927329843
4.157155726285776,5.250526073498226,60.0,1.55132043775133,0.09082580690115519,0.5840306610290902
0.9257393273194223,6.44887331465246,60.0,0.8561533581811163,0.4274248236182622,0.5703817079798178
1.0171900118320734,6.068393462620873,60.0,1.0761521795578413,0.3929188450593574,0.5192474796370733
0.4722025579534876,5.277980991362489,60.0,1.4143162523519288,0.8484859528187891,0.805365027047286
0.4399660691629209,3.265942369344123,60.0,4.909934480662214,0.9091802419184711,0.7218123295335738
8.325259023234132,3.5152937937621256,60.0,1.727514226715738,0.01296087095308425,0.7751262190486446
0.6540503403293039,3.686544740791844,60.0,3.642997593558163,0.6115882379721869,0.9592467348447307
0.4633372049528982,6.108908029583167,60.0,0.8527887304413498,0.8613552050617492,0.9390473826527883
2.5059165706828597,7.748496108093812,60.0,0.5714702609181147,0.1572831216258063,0.3814558137910466
1.157287650837237,4.054999469868984,60.0,3.266025147655054,0.34578934588116617,0.3333113738051021
0.42593832922852004,3.7402712023106557,60.0,3.7807903342302085,0.9391033964331973,0.31209760682922416
0.5523271797084418,5.3300640979314435,60.0,1.5308436468005446,0.7249765562965013,0.3220868071885625
5.852091427498917,3.4350118087437123,60.0,2.4877739051468777,0.027788718489255355,0.9999546782731329
